Harvest ,Species,Treatment ,Tag,Pot,Week,Height
1,VS,4%,H1VS4,3,1,16
1,VS,4%,H1VS4,9,1,27
1,VS,4%,H1VS4,23,1,27
1,VS,4%,H1VS4,57,1,40
1,VS,4%,H1VS4,69,1,0
1,VS,4%,H1VS4,70,1,0
1,VS,4%,H1VS4,71,1,0
1,VS,4%,H1VS4,102,1,0
1,VS,4%,H1VS4,112,1,0
1,VS,4%,H1VS4,127,1,0
1,VS,8%,H1VS8,26,1,25
1,VS,8%,H1VS8,32,1,31
1,VS,8%,H1VS8,36,1,27
1,VS,8%,H1VS8,39,1,20
1,VS,8%,H1VS8,52,1,40
1,VS,8%,H1VS8,53,1,33
1,VS,8%,H1VS8,56,1,33
1,VS,8%,H1VS8,59,1,40
1,VS,8%,H1VS8,60,1,24
1,VS,8%,H1VS8,64,1,33
1,VS,8%,H1VS8,114,1,0
1,VS,16%,H1VS16,29,1,21
1,VS,16%,H1VS16,33,1,28
1,VS,16%,H1VS16,54,1,31
1,VS,16%,H1VS16,73,1,0
1,VS,16%,H1VS16,74,1,0
1,VS,16%,H1VS16,79,1,0
1,VS,16%,H1VS16,82,1,0
1,VS,16%,H1VS16,84,1,0
1,VS,16%,H1VS16,93,1,0
1,VS,16%,H1VS16,107,1,0
1,VS,16%,H1VS16,109,1,0
1,VS,4%,H1VS4,17,1,15
1,VE,4%,H1VE4,96,1,30
1,VE,4%,H1VE4,102,1,23
1,VE,4%,H1VE4,103,1,30
1,VE,4%,H1VE4,105,1,40
1,VE,4%,H1VE4,110,1,20
1,VE,4%,H1VE4,117,1,14
1,VE,4%,H1VE4,124,1,20
1,VE,4%,H1VE4,181,1,0
1,VE,4%,H1VE4,194,1,0
1,VE,4%,H1VE4,203,1,0
1,VE,8%,H1VE8,94,1,40
1,VE,8%,H1VE8,127,1,32
1,VE,8%,H1VE8,140,1,0
1,VE,8%,H1VE8,144,1,0
1,VE,8%,H1VE8,147,1,0
1,VE,8%,H1VE8,151,1,0
1,VE,8%,H1VE8,155,1,0
1,VE,8%,H1VE8,165,1,0
1,VE,8%,H1VE8,243,1,0
1,VE,8%,H1VE8,248,1,0
1,VE,16%,H1VE16,121,1,9
1,VE,16%,H1VE16,137,1,0
1,VE,16%,H1VE16,141,1,0
1,VE,16%,H1VE16,168,1,0
1,VE,16%,H1VE16,169,1,0
1,VE,16%,H1VE16,172,1,0
1,VE,16%,H1VE16,174,1,0
1,VE,16%,H1VE16,182,1,0
1,VE,16%,H1VE16,183,1,0
1,VE,16%,H1VE16,184,1,0
1,VE,16%,H1VE16,188,1,0
1,VE,4%,H1VE4,299,1,0
2,VS,4%,H2VS4,6,1,38
2,VS,4%,H2VS4,8,1,21
2,VS,4%,H2VS4,10,1,25
2,VS,4%,H2VS4,12,1,56
2,VS,4%,H2VS4,14,1,24
2,VS,4%,H2VS4,16,1,15
2,VS,4%,H2VS4,24,1,30
2,VS,4%,H2VS4,28,1,25
2,VS,4%,H2VS4,43,1,38
2,VS,4%,H2VS4,67,1,0
2,VS,4%,H2VS4,68,1,0
2,VS,4%,H2VS4,92,1,0
2,VS,8%,H2VS8,1,1,22
2,VS,8%,H2VS8,7,1,23
2,VS,8%,H2VS8,25,1,32
2,VS,8%,H2VS8,30,1,45
2,VS,8%,H2VS8,35,1,28
2,VS,8%,H2VS8,37,1,42
2,VS,8%,H2VS8,40,1,28
2,VS,8%,H2VS8,45,1,17
2,VS,8%,H2VS8,65,1,48
2,VS,8%,H2VS8,90,1,0
2,VS,8%,H2VS8,96,1,0
2,VS,16%,H2VS16,4,1,18
2,VS,16%,H2VS16,31,1,28
2,VS,16%,H2VS16,66,1,46
2,VS,16%,H2VS16,86,1,0
2,VS,16%,H2VS16,94,1,0
2,VS,16%,H2VS16,95,1,0
2,VS,16%,H2VS16,100,1,0
2,VS,16%,H2VS16,106,1,0
2,VS,16%,H2VS16,108,1,0
2,VS,16%,H2VS16,111,1,0
2,VE,4%,H2VE4,91,1,27
2,VE,4%,H2VE4,93,1,25
2,VE,4%,H2VE4,108,1,31
2,VE,4%,H2VE4,134,1,0
2,VE,4%,H2VE4,157,1,0
2,VE,4%,H2VE4,197,1,0
2,VE,4%,H2VE4,198,1,0
2,VE,4%,H2VE4,199,1,0
2,VE,4%,H2VE4,201,1,0
2,VE,4%,H2VE4,208,1,0
2,VE,4%,H2VE4,227,1,0
2,VE,4%,H2VE4,340,1,0
2,VE,8%,H2VE8,120,1,21
2,VE,8%,H2VE8,128,1,24
2,VE,8%,H2VE8,139,1,0
2,VE,8%,H2VE8,143,1,0
2,VE,8%,H2VE8,145,1,0
2,VE,8%,H2VE8,152,1,0
2,VE,8%,H2VE8,158,1,0
2,VE,8%,H2VE8,190,1,0
2,VE,8%,H2VE8,195,1,0
2,VE,8%,H2VE8,207,1,0
2,VE,8%,H2VE8,278,1,0
2,VE,16%,H2VE16,107,1,25
2,VE,16%,H2VE16,122,1,9
2,VE,16%,H2VE16,142,1,0
2,VE,16%,H2VE16,162,1,0
2,VE,16%,H2VE16,164,1,0
2,VE,16%,H2VE16,167,1,0
2,VE,16%,H2VE16,176,1,0
2,VE,16%,H2VE16,178,1,0
2,VE,16%,H2VE16,180,1,0
2,VE,16%,H2VE16,185,1,0
2,VE,16%,H2VE16,186,1,0
2,VE,16%,H2VE16,238,1,0
3,VS,4%,H3VS4,5,1,0
3,VS,4%,H3VS4,5,2,10
3,VS,4%,H3VS4,5,3,20
3,VS,4%,H3VS4,5,4,46
3,VS,4%,H3VS4,5,5,74
3,VS,4%,H3VS4,5,6,93
3,VS,4%,H3VS4,5,7,112
3,VS,4%,H3VS4,5,8,134
3,VS,4%,H3VS4,5,9,166
3,VS,4%,H3VS4,5,10,176
3,VS,4%,H3VS4,5,11,202
3,VS,4%,H3VS4,5,12,203
3,VS,4%,H3VS4,5,13,220
3,VS,4%,H3VS4,5,14,245
3,VS,4%,H3VS4,5,15,313
3,VS,4%,H3VS4,15,1,0
3,VS,4%,H3VS4,15,2,16
3,VS,4%,H3VS4,15,3,23
3,VS,4%,H3VS4,15,4,55
3,VS,4%,H3VS4,15,5,76
3,VS,4%,H3VS4,15,6,82
3,VS,4%,H3VS4,15,7,98
3,VS,4%,H3VS4,15,8,104
3,VS,4%,H3VS4,15,9,135
3,VS,4%,H3VS4,15,10,177
3,VS,4%,H3VS4,15,11,204
3,VS,4%,H3VS4,15,12,237
3,VS,4%,H3VS4,15,13,263
3,VS,4%,H3VS4,15,14,258
3,VS,4%,H3VS4,15,15,287
3,VS,4%,H3VS4,18,1,42
3,VS,4%,H3VS4,18,2,55
3,VS,4%,H3VS4,18,3,60
3,VS,4%,H3VS4,18,4,76
3,VS,4%,H3VS4,18,5,91
3,VS,4%,H3VS4,18,6,93
3,VS,4%,H3VS4,18,7,101
3,VS,4%,H3VS4,18,8,117
3,VS,4%,H3VS4,18,9,135
3,VS,4%,H3VS4,18,10,164
3,VS,4%,H3VS4,18,11,234
3,VS,4%,H3VS4,18,12,243
3,VS,4%,H3VS4,18,13,243
3,VS,4%,H3VS4,18,14,239
3,VS,4%,H3VS4,18,15,282
3,VS,4%,H3VS4,19,1,18
3,VS,4%,H3VS4,19,2,30
3,VS,4%,H3VS4,19,3,38
3,VS,4%,H3VS4,19,4,39
3,VS,4%,H3VS4,19,5,52
3,VS,4%,H3VS4,19,6,60
3,VS,4%,H3VS4,19,7,81
3,VS,4%,H3VS4,19,8,95
3,VS,4%,H3VS4,19,9,135
3,VS,4%,H3VS4,19,10,150
3,VS,4%,H3VS4,19,11,195
3,VS,4%,H3VS4,19,12,226
3,VS,4%,H3VS4,19,13,227
3,VS,4%,H3VS4,19,14,257
1,VS,4%,H1VS4,3,2,27
1,VS,4%,H1VS4,9,2,27
1,VS,4%,H1VS4,23,2,33
1,VS,4%,H1VS4,57,2,49
1,VS,4%,H1VS4,69,2,37
1,VS,4%,H1VS4,70,2,43
1,VS,4%,H1VS4,71,2,41
1,VS,4%,H1VS4,102,2,9
1,VS,4%,H1VS4,112,2,9
1,VS,4%,H1VS4,127,2,9
1,VS,8%,H1VS8,26,2,41
1,VS,8%,H1VS8,32,2,42
1,VS,8%,H1VS8,36,2,30
1,VS,8%,H1VS8,39,2,28
1,VS,8%,H1VS8,52,2,44
1,VS,8%,H1VS8,53,2,43
1,VS,8%,H1VS8,56,2,42
1,VS,8%,H1VS8,59,2,49
1,VS,8%,H1VS8,60,2,31
1,VS,8%,H1VS8,64,2,33
1,VS,8%,H1VS8,114,2,9
1,VS,16%,H1VS16,29,2,33
1,VS,16%,H1VS16,33,2,31
1,VS,16%,H1VS16,54,2,43
1,VS,16%,H1VS16,73,2,11
1,VS,16%,H1VS16,74,2,9
1,VS,16%,H1VS16,79,2,9
1,VS,16%,H1VS16,82,2,16
1,VS,16%,H1VS16,84,2,9
1,VS,16%,H1VS16,93,2,9
1,VS,16%,H1VS16,107,2,9
1,VS,16%,H1VS16,109,2,9
1,VS,4%,H1VS4,17,2,21
1,VE,4%,H1VE4,96,2,49
1,VE,4%,H1VE4,102,2,38
1,VE,4%,H1VE4,103,2,36
1,VE,4%,H1VE4,105,2,41
1,VE,4%,H1VE4,110,2,20
1,VE,4%,H1VE4,117,2,25
1,VE,4%,H1VE4,124,2,37
1,VE,4%,H1VE4,181,2,9
1,VE,4%,H1VE4,194,2,9
1,VE,4%,H1VE4,203,2,9
1,VE,8%,H1VE8,94,2,41
1,VE,8%,H1VE8,127,2,40
1,VE,8%,H1VE8,140,2,28
1,VE,8%,H1VE8,144,2,26
1,VE,8%,H1VE8,147,2,15
1,VE,8%,H1VE8,151,2,18
1,VE,8%,H1VE8,155,2,20
1,VE,8%,H1VE8,165,2,9
1,VE,8%,H1VE8,243,2,9
1,VE,8%,H1VE8,248,2,9
1,VE,16%,H1VE16,121,2,19
1,VE,16%,H1VE16,137,2,28
1,VE,16%,H1VE16,141,2,20
1,VE,16%,H1VE16,168,2,9
1,VE,16%,H1VE16,169,2,9
1,VE,16%,H1VE16,172,2,9
1,VE,16%,H1VE16,174,2,9
1,VE,16%,H1VE16,182,2,9
1,VE,16%,H1VE16,183,2,9
1,VE,16%,H1VE16,184,2,9
1,VE,16%,H1VE16,188,2,9
1,VE,4%,H1VE4,299,2,9
2,VS,4%,H2VS4,6,2,44
2,VS,4%,H2VS4,8,2,28
2,VS,4%,H2VS4,10,2,37
2,VS,4%,H2VS4,12,2,60
2,VS,4%,H2VS4,14,2,28
2,VS,4%,H2VS4,16,2,28
2,VS,4%,H2VS4,24,2,41
2,VS,4%,H2VS4,28,2,35
2,VS,4%,H2VS4,43,2,40
2,VS,4%,H2VS4,67,2,32
2,VS,4%,H2VS4,68,2,42
2,VS,4%,H2VS4,92,2,9
2,VS,8%,H2VS8,1,2,34
2,VS,8%,H2VS8,7,2,38
2,VS,8%,H2VS8,25,2,40
2,VS,8%,H2VS8,30,2,59
2,VS,8%,H2VS8,35,2,29
2,VS,8%,H2VS8,37,2,43
2,VS,8%,H2VS8,40,2,28
2,VS,8%,H2VS8,45,2,33
2,VS,8%,H2VS8,65,2,50
2,VS,8%,H2VS8,90,2,9
2,VS,8%,H2VS8,96,2,23
2,VS,16%,H2VS16,4,2,32
2,VS,16%,H2VS16,31,2,32
2,VS,16%,H2VS16,66,2,56
2,VS,16%,H2VS16,86,2,9
2,VS,16%,H2VS16,94,2,9
2,VS,16%,H2VS16,95,2,14
2,VS,16%,H2VS16,100,2,9
2,VS,16%,H2VS16,106,2,9
2,VS,16%,H2VS16,108,2,9
2,VS,16%,H2VS16,111,2,9
2,VE,4%,H2VE4,91,2,32
2,VE,4%,H2VE4,93,2,35
2,VE,4%,H2VE4,108,2,41
2,VE,4%,H2VE4,134,2,28
2,VE,4%,H2VE4,157,2,29
2,VE,4%,H2VE4,197,2,9
2,VE,4%,H2VE4,198,2,9
2,VE,4%,H2VE4,199,2,9
2,VE,4%,H2VE4,201,2,9
2,VE,4%,H2VE4,208,2,9
2,VE,4%,H2VE4,227,2,9
2,VE,4%,H2VE4,340,2,9
2,VE,8%,H2VE8,120,2,30
2,VE,8%,H2VE8,128,2,25
2,VE,8%,H2VE8,139,2,16
2,VE,8%,H2VE8,143,2,28
2,VE,8%,H2VE8,145,2,31
2,VE,8%,H2VE8,152,2,21
2,VE,8%,H2VE8,158,2,23
2,VE,8%,H2VE8,190,2,9
2,VE,8%,H2VE8,195,2,9
2,VE,8%,H2VE8,207,2,9
2,VE,8%,H2VE8,278,2,9
2,VE,16%,H2VE16,107,2,33
2,VE,16%,H2VE16,122,2,19
2,VE,16%,H2VE16,142,2,22
2,VE,16%,H2VE16,162,2,33
2,VE,16%,H2VE16,164,2,9
2,VE,16%,H2VE16,167,2,9
2,VE,16%,H2VE16,176,2,9
2,VE,16%,H2VE16,178,2,9
2,VE,16%,H2VE16,180,2,9
2,VE,16%,H2VE16,185,2,9
2,VE,16%,H2VE16,186,2,9
2,VE,16%,H2VE16,238,2,9
3,VS,4%,H3VS4,19,15,295
3,VS,4%,H3VS4,21,1,0
3,VS,4%,H3VS4,21,2,22
3,VS,4%,H3VS4,21,3,55
3,VS,4%,H3VS4,21,4,64
3,VS,4%,H3VS4,21,5,80
3,VS,4%,H3VS4,21,6,82
3,VS,4%,H3VS4,21,7,93
3,VS,4%,H3VS4,21,8,110
3,VS,4%,H3VS4,21,9,116
3,VS,4%,H3VS4,21,10,144
3,VS,4%,H3VS4,21,11,209
3,VS,4%,H3VS4,21,12,230
3,VS,4%,H3VS4,21,13,225
3,VS,4%,H3VS4,21,14,238
3,VS,4%,H3VS4,21,15,311
3,VS,4%,H3VS4,22,1,35
3,VS,4%,H3VS4,22,2,44
3,VS,4%,H3VS4,22,3,52
3,VS,4%,H3VS4,22,4,67
3,VS,4%,H3VS4,22,5,81
3,VS,4%,H3VS4,22,6,87
3,VS,4%,H3VS4,22,7,105
3,VS,4%,H3VS4,22,8,113
3,VS,4%,H3VS4,22,9,143
3,VS,4%,H3VS4,22,10,179
3,VS,4%,H3VS4,22,11,233
3,VS,4%,H3VS4,22,12,255
3,VS,4%,H3VS4,22,13,258
3,VS,4%,H3VS4,22,14,266
3,VS,4%,H3VS4,22,15,203
3,VS,4%,H3VS4,78,1,0
3,VS,4%,H3VS4,78,2,21
3,VS,4%,H3VS4,78,3,27
3,VS,4%,H3VS4,78,4,35
3,VS,4%,H3VS4,78,5,50
3,VS,4%,H3VS4,78,6,61
3,VS,4%,H3VS4,78,7,60
3,VS,4%,H3VS4,78,8,69
3,VS,4%,H3VS4,78,9,73
3,VS,4%,H3VS4,78,10,79
3,VS,4%,H3VS4,78,11,102
3,VS,4%,H3VS4,78,12,104
3,VS,4%,H3VS4,78,13,143
3,VS,4%,H3VS4,78,14,205
3,VS,4%,H3VS4,78,15,255
3,VS,4%,H3VS4,118,1,0
3,VS,4%,H3VS4,118,2,9
3,VS,4%,H3VS4,118,3,9
3,VS,4%,H3VS4,118,4,36
3,VS,4%,H3VS4,118,5,51
3,VS,4%,H3VS4,118,6,60
3,VS,4%,H3VS4,118,7,65
3,VS,4%,H3VS4,118,8,70
3,VS,4%,H3VS4,118,9,90
3,VS,4%,H3VS4,118,10,81
3,VS,4%,H3VS4,118,11,109
3,VS,4%,H3VS4,118,12,121
3,VS,4%,H3VS4,118,13,138
1,VS,4%,H1VS4,3,3,34
1,VS,4%,H1VS4,9,3,31
1,VS,4%,H1VS4,23,3,41
1,VS,4%,H1VS4,57,3,52
1,VS,4%,H1VS4,69,3,49
1,VS,4%,H1VS4,70,3,55
1,VS,4%,H1VS4,71,3,45
1,VS,4%,H1VS4,102,3,12
1,VS,4%,H1VS4,112,3,9
1,VS,4%,H1VS4,127,3,9
1,VS,8%,H1VS8,26,3,56
1,VS,8%,H1VS8,32,3,47
1,VS,8%,H1VS8,36,3,35
1,VS,8%,H1VS8,39,3,37
1,VS,8%,H1VS8,52,3,58
1,VS,8%,H1VS8,53,3,45
1,VS,8%,H1VS8,56,3,58
1,VS,8%,H1VS8,59,3,53
1,VS,8%,H1VS8,60,3,29
1,VS,8%,H1VS8,64,3,34
1,VS,8%,H1VS8,114,3,26
1,VS,16%,H1VS16,29,3,38
1,VS,16%,H1VS16,33,3,41
1,VS,16%,H1VS16,54,3,56
1,VS,16%,H1VS16,73,3,25
1,VS,16%,H1VS16,74,3,21
1,VS,16%,H1VS16,79,3,35
1,VS,16%,H1VS16,82,3,29
1,VS,16%,H1VS16,84,3,32
1,VS,16%,H1VS16,93,3,25
1,VS,16%,H1VS16,107,3,9
1,VS,16%,H1VS16,109,3,23
1,VS,4%,H1VS4,17,3,22
1,VE,4%,H1VE4,96,3,52
1,VE,4%,H1VE4,102,3,43
1,VE,4%,H1VE4,103,3,40
1,VE,4%,H1VE4,105,3,49
1,VE,4%,H1VE4,110,3,23
1,VE,4%,H1VE4,117,3,29
1,VE,4%,H1VE4,124,3,39
1,VE,4%,H1VE4,181,3,9
1,VE,4%,H1VE4,194,3,28
1,VE,4%,H1VE4,203,3,19
1,VE,8%,H1VE8,94,3,46
1,VE,8%,H1VE8,127,3,60
1,VE,8%,H1VE8,140,3,43
1,VE,8%,H1VE8,144,3,40
1,VE,8%,H1VE8,147,3,24
1,VE,8%,H1VE8,151,3,20
1,VE,8%,H1VE8,155,3,20
1,VE,8%,H1VE8,165,3,37
1,VE,8%,H1VE8,243,3,24
1,VE,8%,H1VE8,248,3,22
1,VE,16%,H1VE16,121,3,31
1,VE,16%,H1VE16,137,3,49
1,VE,16%,H1VE16,141,3,31
1,VE,16%,H1VE16,168,3,14
1,VE,16%,H1VE16,169,3,31
1,VE,16%,H1VE16,172,3,29
1,VE,16%,H1VE16,174,3,33
1,VE,16%,H1VE16,182,3,26
1,VE,16%,H1VE16,183,3,9
1,VE,16%,H1VE16,184,3,18
1,VE,16%,H1VE16,188,3,13
1,VE,4%,H1VE4,299,3,20
2,VS,4%,H2VS4,6,3,48
2,VS,4%,H2VS4,8,3,34
2,VS,4%,H2VS4,10,3,50
2,VS,4%,H2VS4,12,3,75
2,VS,4%,H2VS4,14,3,27
2,VS,4%,H2VS4,16,3,34
2,VS,4%,H2VS4,24,3,57
2,VS,4%,H2VS4,28,3,39
2,VS,4%,H2VS4,43,3,51
2,VS,4%,H2VS4,67,3,53
2,VS,4%,H2VS4,68,3,52
2,VS,4%,H2VS4,92,3,28
2,VS,8%,H2VS8,1,3,41
2,VS,8%,H2VS8,7,3,53
2,VS,8%,H2VS8,25,3,48
2,VS,8%,H2VS8,30,3,69
2,VS,8%,H2VS8,35,3,38
2,VS,8%,H2VS8,37,3,43
2,VS,8%,H2VS8,40,3,35
2,VS,8%,H2VS8,45,3,45
2,VS,8%,H2VS8,65,3,53
2,VS,8%,H2VS8,90,3,24
2,VS,8%,H2VS8,96,3,33
2,VS,16%,H2VS16,4,3,51
2,VS,16%,H2VS16,31,3,46
2,VS,16%,H2VS16,66,3,63
2,VS,16%,H2VS16,86,3,24
2,VS,16%,H2VS16,94,3,23
2,VS,16%,H2VS16,95,3,30
2,VS,16%,H2VS16,100,3,21
2,VS,16%,H2VS16,106,3,17
2,VS,16%,H2VS16,108,3,17
2,VS,16%,H2VS16,111,3,25
2,VE,4%,H2VE4,91,3,15
2,VE,4%,H2VE4,93,3,40
2,VE,4%,H2VE4,108,3,43
2,VE,4%,H2VE4,134,3,50
2,VE,4%,H2VE4,157,3,34
2,VE,4%,H2VE4,197,3,18
2,VE,4%,H2VE4,198,3,30
2,VE,4%,H2VE4,199,3,23
2,VE,4%,H2VE4,201,3,23
2,VE,4%,H2VE4,208,3,27
2,VE,4%,H2VE4,227,3,24
2,VE,4%,H2VE4,340,3,29
2,VE,8%,H2VE8,120,3,39
2,VE,8%,H2VE8,128,3,46
2,VE,8%,H2VE8,139,3,32
2,VE,8%,H2VE8,143,3,44
2,VE,8%,H2VE8,145,3,38
2,VE,8%,H2VE8,152,3,37
2,VE,8%,H2VE8,158,3,45
2,VE,8%,H2VE8,190,3,25
2,VE,8%,H2VE8,195,3,20
2,VE,8%,H2VE8,207,3,21
2,VE,8%,H2VE8,278,3,25
2,VE,16%,H2VE16,107,3,34
2,VE,16%,H2VE16,122,3,47
2,VE,16%,H2VE16,142,3,34
2,VE,16%,H2VE16,162,3,34
2,VE,16%,H2VE16,164,3,13
2,VE,16%,H2VE16,167,3,21
2,VE,16%,H2VE16,176,3,20
2,VE,16%,H2VE16,178,3,22
2,VE,16%,H2VE16,180,3,25
2,VE,16%,H2VE16,185,3,15
2,VE,16%,H2VE16,186,3,17
2,VE,16%,H2VE16,238,3,18
3,VS,4%,H3VS4,118,14,165
3,VS,4%,H3VS4,118,15,197
3,VS,8%,H3VS8,41,1,40
3,VS,8%,H3VS8,41,2,48
3,VS,8%,H3VS8,41,3,58
3,VS,8%,H3VS8,41,4,68
3,VS,8%,H3VS8,41,5,76
3,VS,8%,H3VS8,41,6,95
3,VS,8%,H3VS8,41,7,112
3,VS,8%,H3VS8,41,8,111
3,VS,8%,H3VS8,41,9,130
3,VS,8%,H3VS8,41,10,147
3,VS,8%,H3VS8,41,11,249
3,VS,8%,H3VS8,41,12,266
1,VS,4%,H1VS4,3,4,47
1,VS,4%,H1VS4,9,4,31
1,VS,4%,H1VS4,23,4,66
1,VS,4%,H1VS4,57,4,61
1,VS,4%,H1VS4,69,4,54
1,VS,4%,H1VS4,70,4,70
1,VS,4%,H1VS4,71,4,59
1,VS,4%,H1VS4,102,4,20
1,VS,4%,H1VS4,112,4,31
1,VS,4%,H1VS4,127,4,9
1,VS,8%,H1VS8,26,4,76
1,VS,8%,H1VS8,32,4,60
1,VS,8%,H1VS8,36,4,51
1,VS,8%,H1VS8,39,4,51
1,VS,8%,H1VS8,52,4,75
1,VS,8%,H1VS8,53,4,63
1,VS,8%,H1VS8,56,4,60
1,VS,8%,H1VS8,59,4,61
1,VS,8%,H1VS8,60,4,40
1,VS,8%,H1VS8,64,4,55
1,VS,8%,H1VS8,114,4,32
1,VS,16%,H1VS16,29,4,55
1,VS,16%,H1VS16,33,4,55
1,VS,16%,H1VS16,54,4,59
1,VS,16%,H1VS16,73,4,23
1,VS,16%,H1VS16,74,4,10
1,VS,16%,H1VS16,79,4,41
1,VS,16%,H1VS16,82,4,40
1,VS,16%,H1VS16,84,4,51
1,VS,16%,H1VS16,93,4,23
1,VS,16%,H1VS16,107,4,40
1,VS,16%,H1VS16,109,4,40
1,VS,4%,H1VS4,17,4,31
1,VE,4%,H1VE4,96,4,61
1,VE,4%,H1VE4,102,4,52
1,VE,4%,H1VE4,103,4,48
1,VE,4%,H1VE4,105,4,52
1,VE,4%,H1VE4,110,4,32
1,VE,4%,H1VE4,117,4,32
1,VE,4%,H1VE4,124,4,45
1,VE,4%,H1VE4,181,4,20
1,VE,4%,H1VE4,194,4,42
1,VE,4%,H1VE4,203,4,30
1,VE,8%,H1VE8,94,4,51
1,VE,8%,H1VE8,127,4,69
1,VE,8%,H1VE8,140,4,25
1,VE,8%,H1VE8,144,4,64
1,VE,8%,H1VE8,147,4,10
1,VE,8%,H1VE8,151,4,46
1,VE,8%,H1VE8,155,4,40
1,VE,8%,H1VE8,165,4,30
1,VE,8%,H1VE8,243,4,30
1,VE,8%,H1VE8,248,4,29
1,VE,16%,H1VE16,121,4,45
1,VE,16%,H1VE16,137,4,55
1,VE,16%,H1VE16,141,4,30
1,VE,16%,H1VE16,168,4,36
1,VE,16%,H1VE16,169,4,33
1,VE,16%,H1VE16,172,4,39
1,VE,16%,H1VE16,174,4,42
1,VE,16%,H1VE16,182,4,29
1,VE,16%,H1VE16,183,4,16
1,VE,16%,H1VE16,184,4,25
1,VE,16%,H1VE16,188,4,22
1,VE,4%,H1VE4,299,4,21
2,VS,4%,H2VS4,6,4,64
2,VS,4%,H2VS4,8,4,49
2,VS,4%,H2VS4,10,4,49
2,VS,4%,H2VS4,12,4,76
2,VS,4%,H2VS4,14,4,51
2,VS,4%,H2VS4,16,4,52
2,VS,4%,H2VS4,24,4,71
2,VS,4%,H2VS4,28,4,55
2,VS,4%,H2VS4,43,4,81
2,VS,4%,H2VS4,67,4,75
2,VS,4%,H2VS4,68,4,70
2,VS,4%,H2VS4,92,4,42
2,VS,8%,H2VS8,1,4,55
2,VS,8%,H2VS8,7,4,71
2,VS,8%,H2VS8,25,4,66
2,VS,8%,H2VS8,30,4,71
2,VS,8%,H2VS8,35,4,40
2,VS,8%,H2VS8,37,4,52
2,VS,8%,H2VS8,40,4,51
2,VS,8%,H2VS8,45,4,56
2,VS,8%,H2VS8,65,4,66
2,VS,8%,H2VS8,90,4,30
2,VS,8%,H2VS8,96,4,47
2,VS,16%,H2VS16,4,4,46
2,VS,16%,H2VS16,31,4,56
2,VS,16%,H2VS16,66,4,55
2,VS,16%,H2VS16,86,4,41
2,VS,16%,H2VS16,94,4,31
2,VS,16%,H2VS16,95,4,42
2,VS,16%,H2VS16,100,4,45
2,VS,16%,H2VS16,106,4,31
2,VS,16%,H2VS16,108,4,31
2,VS,16%,H2VS16,111,4,49
2,VE,4%,H2VE4,91,4,41
2,VE,4%,H2VE4,93,4,32
2,VE,4%,H2VE4,108,4,56
2,VE,4%,H2VE4,134,4,51
2,VE,4%,H2VE4,157,4,44
2,VE,4%,H2VE4,197,4,15
2,VE,4%,H2VE4,198,4,30
2,VE,4%,H2VE4,199,4,31
2,VE,4%,H2VE4,201,4,40
2,VE,4%,H2VE4,208,4,31
2,VE,4%,H2VE4,227,4,0
2,VE,4%,H2VE4,340,4,0
2,VE,8%,H2VE8,120,4,41
2,VE,8%,H2VE8,128,4,41
2,VE,8%,H2VE8,139,4,31
2,VE,8%,H2VE8,143,4,46
2,VE,8%,H2VE8,145,4,41
2,VE,8%,H2VE8,152,4,20
2,VE,8%,H2VE8,158,4,40
2,VE,8%,H2VE8,190,4,40
2,VE,8%,H2VE8,195,4,24
2,VE,8%,H2VE8,207,4,35
2,VE,8%,H2VE8,278,4,0
2,VE,16%,H2VE16,107,4,51
2,VE,16%,H2VE16,122,4,56
2,VE,16%,H2VE16,142,4,40
2,VE,16%,H2VE16,162,4,41
2,VE,16%,H2VE16,164,4,30
2,VE,16%,H2VE16,167,4,20
2,VE,16%,H2VE16,176,4,30
2,VE,16%,H2VE16,178,4,39
2,VE,16%,H2VE16,180,4,22
2,VE,16%,H2VE16,185,4,26
2,VE,16%,H2VE16,186,4,20
2,VE,16%,H2VE16,238,4,0
3,VS,8%,H3VS8,41,13,285
3,VS,8%,H3VS8,41,14,298
3,VS,8%,H3VS8,41,15,348
3,VS,8%,H3VS8,55,1,23
3,VS,8%,H3VS8,55,2,24
3,VS,8%,H3VS8,55,3,30
3,VS,8%,H3VS8,55,4,30
3,VS,8%,H3VS8,55,5,30
3,VS,8%,H3VS8,55,6,45
3,VS,8%,H3VS8,55,7,40
3,VS,8%,H3VS8,55,8,43
3,VS,8%,H3VS8,55,9,70
3,VS,8%,H3VS8,55,10,67
3,VS,8%,H3VS8,55,11,90
3,VS,8%,H3VS8,55,12,93
3,VS,8%,H3VS8,55,13,105
3,VS,8%,H3VS8,55,14,114
3,VS,8%,H3VS8,55,15,137
3,VS,8%,H3VS8,58,1,38
3,VS,8%,H3VS8,58,2,42
3,VS,8%,H3VS8,58,3,44
3,VS,8%,H3VS8,58,4,52
3,VS,8%,H3VS8,58,5,55
3,VS,8%,H3VS8,58,6,52
3,VS,8%,H3VS8,58,7,59
3,VS,8%,H3VS8,58,8,53
3,VS,8%,H3VS8,58,9,62
3,VS,8%,H3VS8,58,10,72
3,VS,8%,H3VS8,58,11,109
3,VS,8%,H3VS8,58,12,120
3,VS,8%,H3VS8,58,13,141
3,VS,8%,H3VS8,58,14,158
3,VS,8%,H3VS8,58,15,218
3,VS,8%,H3VS8,61,1,32
3,VS,8%,H3VS8,61,2,36
3,VS,8%,H3VS8,61,3,30
3,VS,8%,H3VS8,61,4,30
3,VS,8%,H3VS8,61,5,40
3,VS,8%,H3VS8,61,6,40
3,VS,8%,H3VS8,61,7,46
3,VS,8%,H3VS8,61,8,32
3,VS,8%,H3VS8,61,9,73
3,VS,8%,H3VS8,61,10,53
3,VS,8%,H3VS8,61,11,106
3,VS,8%,H3VS8,61,12,104
3,VS,8%,H3VS8,61,13,103
3,VS,8%,H3VS8,61,14,125
3,VS,8%,H3VS8,61,15,152
3,VS,8%,H3VS8,75,1,0
3,VS,8%,H3VS8,75,2,25
3,VS,8%,H3VS8,75,3,29
3,VS,8%,H3VS8,75,4,40
3,VS,8%,H3VS8,75,5,50
3,VS,8%,H3VS8,75,6,42
3,VS,8%,H3VS8,75,7,46
3,VS,8%,H3VS8,75,8,55
3,VS,8%,H3VS8,75,9,70
3,VS,8%,H3VS8,75,10,88
3,VS,8%,H3VS8,75,11,178
3,VS,8%,H3VS8,75,12,204
3,VS,8%,H3VS8,75,13,220
3,VS,8%,H3VS8,75,14,255
3,VS,8%,H3VS8,75,15,262
1,VS,4%,H1VS4,3,5,60
1,VS,4%,H1VS4,9,5,43
1,VS,4%,H1VS4,23,5,79
1,VS,4%,H1VS4,57,5,68
1,VS,4%,H1VS4,69,5,60
1,VS,4%,H1VS4,70,5,78
1,VS,4%,H1VS4,71,5,63
1,VS,4%,H1VS4,102,5,26
1,VS,4%,H1VS4,112,5,44
1,VS,4%,H1VS4,127,5,9
1,VS,8%,H1VS8,26,5,91
1,VS,8%,H1VS8,32,5,70
1,VS,8%,H1VS8,36,5,64
1,VS,8%,H1VS8,39,5,63
1,VS,8%,H1VS8,52,5,79
1,VS,8%,H1VS8,53,5,68
1,VS,8%,H1VS8,56,5,80
1,VS,8%,H1VS8,59,5,90
1,VS,8%,H1VS8,60,5,51
1,VS,8%,H1VS8,64,5,57
1,VS,8%,H1VS8,114,5,55
1,VS,16%,H1VS16,29,5,65
1,VS,16%,H1VS16,33,5,63
1,VS,16%,H1VS16,54,5,67
1,VS,16%,H1VS16,73,5,23
1,VS,16%,H1VS16,74,5,10
1,VS,16%,H1VS16,79,5,47
1,VS,16%,H1VS16,82,5,47
1,VS,16%,H1VS16,84,5,61
1,VS,16%,H1VS16,93,5,24
1,VS,16%,H1VS16,107,5,45
1,VS,16%,H1VS16,109,5,43
1,VS,4%,H1VS4,17,5,45
1,VE,4%,H1VE4,96,5,75
1,VE,4%,H1VE4,102,5,65
1,VE,4%,H1VE4,103,5,59
1,VE,4%,H1VE4,105,5,66
1,VE,4%,H1VE4,110,5,30
1,VE,4%,H1VE4,117,5,35
1,VE,4%,H1VE4,124,5,58
1,VE,4%,H1VE4,181,5,34
1,VE,4%,H1VE4,194,5,48
1,VE,4%,H1VE4,203,5,50
1,VE,8%,H1VE8,94,5,64
1,VE,8%,H1VE8,127,5,88
1,VE,8%,H1VE8,140,5,50
1,VE,8%,H1VE8,144,5,71
1,VE,8%,H1VE8,147,5,10
1,VE,8%,H1VE8,151,5,71
1,VE,8%,H1VE8,155,5,61
1,VE,8%,H1VE8,165,5,48
1,VE,8%,H1VE8,243,5,39
1,VE,8%,H1VE8,248,5,32
1,VE,16%,H1VE16,121,5,58
1,VE,16%,H1VE16,137,5,70
1,VE,16%,H1VE16,141,5,51
1,VE,16%,H1VE16,168,5,47
1,VE,16%,H1VE16,169,5,50
1,VE,16%,H1VE16,172,5,60
1,VE,16%,H1VE16,174,5,56
1,VE,16%,H1VE16,182,5,46
1,VE,16%,H1VE16,183,5,28
1,VE,16%,H1VE16,184,5,43
1,VE,16%,H1VE16,188,5,45
1,VE,4%,H1VE4,299,5,32
2,VS,4%,H2VS4,6,5,72
2,VS,4%,H2VS4,8,5,54
2,VS,4%,H2VS4,10,5,65
2,VS,4%,H2VS4,12,5,95
2,VS,4%,H2VS4,14,5,55
2,VS,4%,H2VS4,16,5,75
2,VS,4%,H2VS4,24,5,88
2,VS,4%,H2VS4,28,5,58
2,VS,4%,H2VS4,43,5,87
2,VS,4%,H2VS4,67,5,72
2,VS,4%,H2VS4,68,5,76
2,VS,4%,H2VS4,92,5,31
2,VS,8%,H2VS8,1,5,62
2,VS,8%,H2VS8,7,5,94
2,VS,8%,H2VS8,25,5,78
2,VS,8%,H2VS8,30,5,102
2,VS,8%,H2VS8,35,5,53
2,VS,8%,H2VS8,37,5,60
2,VS,8%,H2VS8,40,5,60
2,VS,8%,H2VS8,45,5,71
2,VS,8%,H2VS8,65,5,70
2,VS,8%,H2VS8,90,5,32
2,VS,8%,H2VS8,96,5,57
2,VS,16%,H2VS16,4,5,53
2,VS,16%,H2VS16,31,5,72
2,VS,16%,H2VS16,66,5,66
2,VS,16%,H2VS16,86,5,50
2,VS,16%,H2VS16,94,5,44
2,VS,16%,H2VS16,95,5,57
2,VS,16%,H2VS16,100,5,45
2,VS,16%,H2VS16,106,5,45
2,VS,16%,H2VS16,108,5,53
2,VS,16%,H2VS16,111,5,42
2,VE,4%,H2VE4,91,5,70
2,VE,4%,H2VE4,93,5,49
2,VE,4%,H2VE4,108,5,64
2,VE,4%,H2VE4,134,5,63
2,VE,4%,H2VE4,157,5,50
2,VE,4%,H2VE4,197,5,20
2,VE,4%,H2VE4,198,5,49
2,VE,4%,H2VE4,199,5,40
2,VE,4%,H2VE4,201,5,66
2,VE,4%,H2VE4,208,5,50
2,VE,4%,H2VE4,227,5,0
2,VE,4%,H2VE4,340,5,0
2,VE,8%,H2VE8,120,5,55
2,VE,8%,H2VE8,128,5,61
2,VE,8%,H2VE8,139,5,60
2,VE,8%,H2VE8,143,5,56
2,VE,8%,H2VE8,145,5,54
2,VE,8%,H2VE8,152,5,36
2,VE,8%,H2VE8,158,5,73
2,VE,8%,H2VE8,190,5,54
2,VE,8%,H2VE8,195,5,37
2,VE,8%,H2VE8,207,5,54
2,VE,8%,H2VE8,278,5,0
2,VE,16%,H2VE16,107,5,60
2,VE,16%,H2VE16,122,5,83
2,VE,16%,H2VE16,142,5,50
2,VE,16%,H2VE16,162,5,70
2,VE,16%,H2VE16,164,5,50
2,VE,16%,H2VE16,167,5,38
2,VE,16%,H2VE16,176,5,50
2,VE,16%,H2VE16,178,5,45
2,VE,16%,H2VE16,180,5,40
2,VE,16%,H2VE16,185,5,39
2,VE,16%,H2VE16,186,5,32
2,VE,16%,H2VE16,238,5,0
3,VS,8%,H3VS8,123,1,0
3,VS,8%,H3VS8,123,2,9
3,VS,8%,H3VS8,123,3,9
3,VS,8%,H3VS8,123,4,9
3,VS,8%,H3VS8,123,5,9
3,VS,8%,H3VS8,123,6,67
3,VS,8%,H3VS8,123,7,62
3,VS,8%,H3VS8,123,8,86
3,VS,8%,H3VS8,123,9,100
3,VS,8%,H3VS8,123,10,114
3,VS,8%,H3VS8,123,11,183
3,VS,8%,H3VS8,123,12,195
3,VS,8%,H3VS8,123,13,192
3,VS,8%,H3VS8,123,14,209
3,VS,8%,H3VS8,123,15,250
3,VS,8%,H3VS8,125,1,0
3,VS,8%,H3VS8,125,2,9
3,VS,8%,H3VS8,125,3,9
3,VS,8%,H3VS8,125,4,9
3,VS,8%,H3VS8,125,5,9
3,VS,8%,H3VS8,125,6,62
3,VS,8%,H3VS8,125,7,72
3,VS,8%,H3VS8,125,8,67
3,VS,8%,H3VS8,125,9,97
3,VS,8%,H3VS8,125,10,100
3,VS,8%,H3VS8,125,11,190
3,VS,8%,H3VS8,125,12,224
3,VS,8%,H3VS8,125,13,226
3,VS,8%,H3VS8,125,14,229
3,VS,8%,H3VS8,125,15,247
3,VS,8%,H3VS8,126,1,0
3,VS,8%,H3VS8,126,2,9
3,VS,8%,H3VS8,126,3,9
3,VS,8%,H3VS8,126,4,9
3,VS,8%,H3VS8,126,5,9
3,VS,8%,H3VS8,126,6,52
3,VS,8%,H3VS8,126,7,68
3,VS,8%,H3VS8,126,8,71
3,VS,8%,H3VS8,126,9,80
3,VS,8%,H3VS8,126,10,92
1,VS,4%,H1VS4,3,6,61
1,VS,4%,H1VS4,9,6,56
1,VS,4%,H1VS4,23,6,84
1,VS,4%,H1VS4,57,6,80
1,VS,4%,H1VS4,69,6,62
1,VS,4%,H1VS4,70,6,78
1,VS,4%,H1VS4,71,6,62
1,VS,4%,H1VS4,102,6,43
1,VS,4%,H1VS4,112,6,46
1,VS,4%,H1VS4,127,6,52
1,VS,8%,H1VS8,26,6,95
1,VS,8%,H1VS8,32,6,73
1,VS,8%,H1VS8,36,6,74
1,VS,8%,H1VS8,39,6,76
1,VS,8%,H1VS8,52,6,79
1,VS,8%,H1VS8,53,6,79
1,VS,8%,H1VS8,56,6,115
1,VS,8%,H1VS8,59,6,99
1,VS,8%,H1VS8,60,6,71
1,VS,8%,H1VS8,64,6,70
1,VS,8%,H1VS8,114,6,78
1,VS,16%,H1VS16,29,6,65
1,VS,16%,H1VS16,33,6,67
1,VS,16%,H1VS16,54,6,90
1,VS,16%,H1VS16,73,6,25
1,VS,16%,H1VS16,74,6,45
1,VS,16%,H1VS16,79,6,45
1,VS,16%,H1VS16,82,6,55
1,VS,16%,H1VS16,84,6,62
1,VS,16%,H1VS16,93,6,25
1,VS,16%,H1VS16,107,6,56
1,VS,16%,H1VS16,109,6,48
1,VS,4%,H1VS4,17,6,56
1,VE,4%,H1VE4,96,6,76
1,VE,4%,H1VE4,102,6,65
1,VE,4%,H1VE4,103,6,65
1,VE,4%,H1VE4,105,6,51
1,VE,4%,H1VE4,110,6,35
1,VE,4%,H1VE4,117,6,43
1,VE,4%,H1VE4,124,6,60
1,VE,4%,H1VE4,181,6,42
1,VE,4%,H1VE4,194,6,47
1,VE,4%,H1VE4,203,6,68
1,VE,8%,H1VE8,94,6,68
1,VE,8%,H1VE8,127,6,80
1,VE,8%,H1VE8,140,6,46
1,VE,8%,H1VE8,144,6,64
1,VE,8%,H1VE8,147,6,50
1,VE,8%,H1VE8,151,6,72
1,VE,8%,H1VE8,155,6,71
1,VE,8%,H1VE8,165,6,45
1,VE,8%,H1VE8,243,6,45
1,VE,8%,H1VE8,248,6,43
1,VE,16%,H1VE16,121,6,60
1,VE,16%,H1VE16,137,6,71
1,VE,16%,H1VE16,141,6,50
1,VE,16%,H1VE16,168,6,62
1,VE,16%,H1VE16,169,6,50
1,VE,16%,H1VE16,172,6,62
1,VE,16%,H1VE16,174,6,52
1,VE,16%,H1VE16,182,6,65
1,VE,16%,H1VE16,183,6,32
1,VE,16%,H1VE16,184,6,47
1,VE,16%,H1VE16,188,6,53
1,VE,4%,H1VE4,299,6,45
2,VS,4%,H2VS4,6,6,85
2,VS,4%,H2VS4,8,6,60
2,VS,4%,H2VS4,10,6,75
2,VS,4%,H2VS4,12,6,112
2,VS,4%,H2VS4,14,6,60
2,VS,4%,H2VS4,16,6,85
2,VS,4%,H2VS4,24,6,93
2,VS,4%,H2VS4,28,6,64
2,VS,4%,H2VS4,43,6,107
2,VS,4%,H2VS4,67,6,72
2,VS,4%,H2VS4,68,6,78
2,VS,4%,H2VS4,92,6,55
2,VS,8%,H2VS8,1,6,71
2,VS,8%,H2VS8,7,6,98
2,VS,8%,H2VS8,25,6,86
2,VS,8%,H2VS8,30,6,105
2,VS,8%,H2VS8,35,6,90
2,VS,8%,H2VS8,37,6,63
2,VS,8%,H2VS8,40,6,50
2,VS,8%,H2VS8,45,6,94
2,VS,8%,H2VS8,65,6,75
2,VS,8%,H2VS8,90,6,45
2,VS,8%,H2VS8,96,6,62
2,VS,16%,H2VS16,4,6,59
2,VS,16%,H2VS16,31,6,72
2,VS,16%,H2VS16,66,6,70
2,VS,16%,H2VS16,86,6,59
2,VS,16%,H2VS16,94,6,56
2,VS,16%,H2VS16,95,6,61
2,VS,16%,H2VS16,100,6,45
2,VS,16%,H2VS16,106,6,63
2,VS,16%,H2VS16,108,6,55
2,VS,16%,H2VS16,111,6,53
2,VE,4%,H2VE4,91,6,75
2,VE,4%,H2VE4,93,6,51
2,VE,4%,H2VE4,108,6,79
2,VE,4%,H2VE4,134,6,66
2,VE,4%,H2VE4,157,6,57
2,VE,4%,H2VE4,197,6,23
2,VE,4%,H2VE4,198,6,46
2,VE,4%,H2VE4,199,6,45
2,VE,4%,H2VE4,201,6,66
2,VE,4%,H2VE4,208,6,58
2,VE,4%,H2VE4,227,6,0
2,VE,4%,H2VE4,340,6,0
2,VE,8%,H2VE8,120,6,48
2,VE,8%,H2VE8,128,6,53
2,VE,8%,H2VE8,139,6,66
2,VE,8%,H2VE8,143,6,54
2,VE,8%,H2VE8,145,6,49
2,VE,8%,H2VE8,152,6,72
2,VE,8%,H2VE8,158,6,63
2,VE,8%,H2VE8,190,6,58
2,VE,8%,H2VE8,195,6,50
2,VE,8%,H2VE8,207,6,62
2,VE,8%,H2VE8,278,6,0
2,VE,16%,H2VE16,107,6,67
2,VE,16%,H2VE16,122,6,80
2,VE,16%,H2VE16,142,6,51
2,VE,16%,H2VE16,162,6,80
2,VE,16%,H2VE16,164,6,56
2,VE,16%,H2VE16,167,6,41
2,VE,16%,H2VE16,176,6,60
2,VE,16%,H2VE16,178,6,46
2,VE,16%,H2VE16,180,6,43
2,VE,16%,H2VE16,185,6,50
2,VE,16%,H2VE16,186,6,44
2,VE,16%,H2VE16,238,6,0
3,VS,8%,H3VS8,126,11,128
3,VS,8%,H3VS8,126,12,153
3,VS,8%,H3VS8,126,13,164
3,VS,8%,H3VS8,126,14,191
3,VS,8%,H3VS8,126,15,210
3,VS,8%,H3VS8,128,1,0
3,VS,8%,H3VS8,128,2,9
3,VS,8%,H3VS8,128,3,9
3,VS,8%,H3VS8,128,4,9
3,VS,8%,H3VS8,128,5,9
3,VS,8%,H3VS8,128,6,50
3,VS,8%,H3VS8,128,7,57
3,VS,8%,H3VS8,128,8,129
3,VS,8%,H3VS8,128,9,98
3,VS,8%,H3VS8,128,10,124
3,VS,8%,H3VS8,128,11,212
3,VS,8%,H3VS8,128,12,214
3,VS,8%,H3VS8,128,13,121
3,VS,8%,H3VS8,128,14,230
3,VS,8%,H3VS8,128,15,275
3,VS,8%,H3VS8,129,1,0
3,VS,8%,H3VS8,129,2,9
3,VS,8%,H3VS8,129,3,9
3,VS,8%,H3VS8,129,4,9
3,VS,8%,H3VS8,129,5,9
3,VS,8%,H3VS8,129,6,76
3,VS,8%,H3VS8,129,7,66
3,VS,8%,H3VS8,129,8,74
3,VS,8%,H3VS8,129,9,110
3,VS,8%,H3VS8,129,10,121
3,VS,8%,H3VS8,129,11,180
3,VS,8%,H3VS8,129,12,193
3,VS,8%,H3VS8,129,13,204
3,VS,8%,H3VS8,129,14,209
3,VS,8%,H3VS8,129,15,216
3,VS,16%,H3VS16,46,1,23
3,VS,16%,H3VS16,46,2,35
3,VS,16%,H3VS16,46,3,35
3,VS,16%,H3VS16,46,4,40
3,VS,16%,H3VS16,46,5,45
3,VS,16%,H3VS16,46,6,45
3,VS,16%,H3VS16,46,7,78
3,VS,16%,H3VS16,46,8,76
3,VS,16%,H3VS16,46,9,94
3,VS,16%,H3VS16,46,10,104
3,VS,16%,H3VS16,46,11,140
3,VS,16%,H3VS16,46,12,150
3,VS,16%,H3VS16,46,13,165
3,VS,16%,H3VS16,46,14,177
3,VS,16%,H3VS16,46,15,195
3,VS,16%,H3VS16,76,1,0
3,VS,16%,H3VS16,76,2,9
3,VS,16%,H3VS16,76,3,15
3,VS,16%,H3VS16,76,4,20
3,VS,16%,H3VS16,76,5,37
3,VS,16%,H3VS16,76,6,41
3,VS,16%,H3VS16,76,7,67
3,VS,16%,H3VS16,76,8,75
3,VS,16%,H3VS16,76,9,109
3,VS,16%,H3VS16,76,10,126
3,VS,16%,H3VS16,76,11,190
3,VS,16%,H3VS16,76,12,205
3,VS,16%,H3VS16,76,13,221
3,VS,16%,H3VS16,76,14,233
3,VS,16%,H3VS16,76,15,205
3,VS,16%,H3VS16,85,1,0
3,VS,16%,H3VS16,85,2,14
3,VS,16%,H3VS16,85,3,31
3,VS,16%,H3VS16,85,4,30
3,VS,16%,H3VS16,85,5,31
3,VS,16%,H3VS16,85,6,30
3,VS,16%,H3VS16,85,7,39
3,VS,16%,H3VS16,85,8,48
3,VS,16%,H3VS16,85,9,62
1,VS,4%,H1VS4,3,7,70
1,VS,4%,H1VS4,9,7,69
1,VS,4%,H1VS4,23,7,104
1,VS,4%,H1VS4,57,7,83
1,VS,4%,H1VS4,69,7,69
1,VS,4%,H1VS4,70,7,110
1,VS,4%,H1VS4,71,7,76
1,VS,4%,H1VS4,102,7,43
1,VS,4%,H1VS4,112,7,56
1,VS,4%,H1VS4,127,7,60
1,VS,8%,H1VS8,26,7,117
1,VS,8%,H1VS8,32,7,90
1,VS,8%,H1VS8,36,7,82
1,VS,8%,H1VS8,39,7,66
1,VS,8%,H1VS8,52,7,84
1,VS,8%,H1VS8,53,7,86
1,VS,8%,H1VS8,56,7,111
1,VS,8%,H1VS8,59,7,112
1,VS,8%,H1VS8,60,7,116
1,VS,8%,H1VS8,64,7,86
1,VS,8%,H1VS8,114,7,80
1,VS,16%,H1VS16,29,7,80
1,VS,16%,H1VS16,33,7,83
1,VS,16%,H1VS16,54,7,94
1,VS,16%,H1VS16,73,7,20
1,VS,16%,H1VS16,74,7,72
1,VS,16%,H1VS16,79,7,43
1,VS,16%,H1VS16,82,7,61
1,VS,16%,H1VS16,84,7,76
1,VS,16%,H1VS16,93,7,22
1,VS,16%,H1VS16,107,7,60
1,VS,16%,H1VS16,109,7,58
1,VS,4%,H1VS4,17,7,73
1,VE,4%,H1VE4,96,7,71
1,VE,4%,H1VE4,102,7,62
1,VE,4%,H1VE4,103,7,64
1,VE,4%,H1VE4,105,7,66
1,VE,4%,H1VE4,110,7,37
1,VE,4%,H1VE4,117,7,53
1,VE,4%,H1VE4,124,7,67
1,VE,4%,H1VE4,181,7,46
1,VE,4%,H1VE4,194,7,52
1,VE,4%,H1VE4,203,7,65
1,VE,8%,H1VE8,94,7,65
1,VE,8%,H1VE8,127,7,84
1,VE,8%,H1VE8,140,7,46
1,VE,8%,H1VE8,144,7,70
1,VE,8%,H1VE8,147,7,50
1,VE,8%,H1VE8,151,7,64
1,VE,8%,H1VE8,155,7,79
1,VE,8%,H1VE8,165,7,51
1,VE,8%,H1VE8,243,7,63
1,VE,8%,H1VE8,248,7,50
1,VE,16%,H1VE16,121,7,56
1,VE,16%,H1VE16,137,7,67
1,VE,16%,H1VE16,141,7,50
1,VE,16%,H1VE16,168,7,58
1,VE,16%,H1VE16,169,7,50
1,VE,16%,H1VE16,172,7,74
1,VE,16%,H1VE16,174,7,62
1,VE,16%,H1VE16,182,7,78
1,VE,16%,H1VE16,183,7,30
1,VE,16%,H1VE16,184,7,46
1,VE,16%,H1VE16,188,7,55
1,VE,4%,H1VE4,299,7,56
2,VS,4%,H2VS4,6,7,102
2,VS,4%,H2VS4,8,7,84
2,VS,4%,H2VS4,10,7,78
2,VS,4%,H2VS4,12,7,131
2,VS,4%,H2VS4,14,7,73
2,VS,4%,H2VS4,16,7,98
2,VS,4%,H2VS4,24,7,110
2,VS,4%,H2VS4,28,7,75
2,VS,4%,H2VS4,43,7,25
2,VS,4%,H2VS4,67,7,91
2,VS,4%,H2VS4,68,7,98
2,VS,4%,H2VS4,92,7,47
2,VS,8%,H2VS8,1,7,89
2,VS,8%,H2VS8,7,7,114
2,VS,8%,H2VS8,25,7,96
2,VS,8%,H2VS8,30,7,114
2,VS,8%,H2VS8,35,7,89
2,VS,8%,H2VS8,37,7,80
2,VS,8%,H2VS8,40,7,86
2,VS,8%,H2VS8,45,7,52
2,VS,8%,H2VS8,65,7,93
2,VS,8%,H2VS8,90,7,58
2,VS,8%,H2VS8,96,7,65
2,VS,16%,H2VS16,4,7,63
2,VS,16%,H2VS16,31,7,85
2,VS,16%,H2VS16,66,7,78
2,VS,16%,H2VS16,86,7,62
2,VS,16%,H2VS16,94,7,51
2,VS,16%,H2VS16,95,7,63
2,VS,16%,H2VS16,100,7,47
2,VS,16%,H2VS16,106,7,73
2,VS,16%,H2VS16,108,7,50
2,VS,16%,H2VS16,111,7,56
2,VE,4%,H2VE4,91,7,70
2,VE,4%,H2VE4,93,7,50
2,VE,4%,H2VE4,108,7,74
2,VE,4%,H2VE4,134,7,0
2,VE,4%,H2VE4,157,7,60
2,VE,4%,H2VE4,197,7,0
2,VE,4%,H2VE4,198,7,0
2,VE,4%,H2VE4,199,7,0
2,VE,4%,H2VE4,201,7,65
2,VE,4%,H2VE4,208,7,62
2,VE,4%,H2VE4,227,7,0
2,VE,4%,H2VE4,340,7,0
2,VE,8%,H2VE8,120,7,50
2,VE,8%,H2VE8,128,7,56
2,VE,8%,H2VE8,139,7,70
2,VE,8%,H2VE8,143,7,59
2,VE,8%,H2VE8,145,7,60
2,VE,8%,H2VE8,152,7,72
2,VE,8%,H2VE8,158,7,70
2,VE,8%,H2VE8,190,7,73
2,VE,8%,H2VE8,195,7,0
2,VE,8%,H2VE8,207,7,68
2,VE,8%,H2VE8,278,7,74
2,VE,16%,H2VE16,107,7,79
2,VE,16%,H2VE16,122,7,82
2,VE,16%,H2VE16,142,7,54
2,VE,16%,H2VE16,162,7,83
2,VE,16%,H2VE16,164,7,60
2,VE,16%,H2VE16,167,7,30
2,VE,16%,H2VE16,176,7,65
2,VE,16%,H2VE16,178,7,48
2,VE,16%,H2VE16,180,7,45
2,VE,16%,H2VE16,185,7,61
2,VE,16%,H2VE16,186,7,47
2,VE,16%,H2VE16,238,7,0
3,VS,16%,H3VS16,85,10,72
3,VS,16%,H3VS16,85,11,119
3,VS,16%,H3VS16,85,12,133
3,VS,16%,H3VS16,85,13,145
3,VS,16%,H3VS16,85,14,150
3,VS,16%,H3VS16,85,15,216
3,VS,16%,H3VS16,87,1,0
3,VS,16%,H3VS16,87,2,18
3,VS,16%,H3VS16,87,3,29
3,VS,16%,H3VS16,87,4,45
3,VS,16%,H3VS16,87,5,42
3,VS,16%,H3VS16,87,6,48
3,VS,16%,H3VS16,87,7,48
3,VS,16%,H3VS16,87,8,48
3,VS,16%,H3VS16,87,9,71
3,VS,16%,H3VS16,87,10,71
3,VS,16%,H3VS16,87,11,124
3,VS,16%,H3VS16,87,12,150
3,VS,16%,H3VS16,87,13,160
3,VS,16%,H3VS16,87,14,180
3,VS,16%,H3VS16,87,15,230
3,VS,16%,H3VS16,91,1,0
3,VS,16%,H3VS16,91,2,9
3,VS,16%,H3VS16,91,3,36
3,VS,16%,H3VS16,91,4,32
3,VS,16%,H3VS16,91,5,66
3,VS,16%,H3VS16,91,6,66
3,VS,16%,H3VS16,91,7,66
3,VS,16%,H3VS16,91,8,71
3,VS,16%,H3VS16,91,9,75
3,VS,16%,H3VS16,91,10,103
3,VS,16%,H3VS16,91,11,170
3,VS,16%,H3VS16,91,12,180
3,VS,16%,H3VS16,91,13,193
3,VS,16%,H3VS16,91,14,209
3,VS,16%,H3VS16,91,15,253
3,VS,16%,H3VS16,97,1,0
3,VS,16%,H3VS16,97,2,9
3,VS,16%,H3VS16,97,3,15
3,VS,16%,H3VS16,97,4,30
3,VS,16%,H3VS16,97,5,30
3,VS,16%,H3VS16,97,6,36
3,VS,16%,H3VS16,97,7,45
3,VS,16%,H3VS16,97,8,35
3,VS,16%,H3VS16,97,9,110
3,VS,16%,H3VS16,97,10,71
3,VS,16%,H3VS16,97,11,104
3,VS,16%,H3VS16,97,12,116
3,VS,16%,H3VS16,97,13,116
3,VS,16%,H3VS16,97,14,139
3,VS,16%,H3VS16,97,15,195
3,VS,16%,H3VS16,98,1,0
3,VS,16%,H3VS16,98,2,24
3,VS,16%,H3VS16,98,3,35
3,VS,16%,H3VS16,98,4,41
3,VS,16%,H3VS16,98,5,50
3,VS,16%,H3VS16,98,6,57
3,VS,16%,H3VS16,98,7,62
3,VS,16%,H3VS16,98,8,62
3,VS,16%,H3VS16,98,9,55
3,VS,16%,H3VS16,98,10,100
3,VS,16%,H3VS16,98,11,167
3,VS,16%,H3VS16,98,12,187
3,VS,16%,H3VS16,98,13,194
3,VS,16%,H3VS16,98,14,211
3,VS,16%,H3VS16,98,15,275
3,VS,16%,H3VS16,99,1,0
3,VS,16%,H3VS16,99,2,30
3,VS,16%,H3VS16,99,3,34
3,VS,16%,H3VS16,99,4,42
3,VS,16%,H3VS16,99,5,53
3,VS,16%,H3VS16,99,6,49
3,VS,16%,H3VS16,99,7,53
3,VS,16%,H3VS16,99,8,71
1,VS,4%,H1VS4,3,8,82
1,VS,4%,H1VS4,9,8,70
1,VS,4%,H1VS4,23,8,126
1,VS,4%,H1VS4,57,8,85
1,VS,4%,H1VS4,69,8,72
1,VS,4%,H1VS4,70,8,120
1,VS,4%,H1VS4,71,8,92
1,VS,4%,H1VS4,102,8,48
1,VS,4%,H1VS4,112,8,67
1,VS,4%,H1VS4,127,8,63
1,VS,8%,H1VS8,26,8,69
1,VS,8%,H1VS8,32,8,103
1,VS,8%,H1VS8,36,8,101
1,VS,8%,H1VS8,39,8,81
1,VS,8%,H1VS8,52,8,95
1,VS,8%,H1VS8,53,8,62
1,VS,8%,H1VS8,56,8,118
1,VS,8%,H1VS8,59,8,115
1,VS,8%,H1VS8,60,8,114
1,VS,8%,H1VS8,64,8,66
1,VS,8%,H1VS8,114,8,91
1,VS,16%,H1VS16,29,8,95
1,VS,16%,H1VS16,33,8,98
1,VS,16%,H1VS16,54,8,94
1,VS,16%,H1VS16,73,8,35
1,VS,16%,H1VS16,74,8,93
1,VS,16%,H1VS16,79,8,52
1,VS,16%,H1VS16,82,8,62
1,VS,16%,H1VS16,84,8,89
1,VS,16%,H1VS16,93,8,30
1,VS,16%,H1VS16,107,8,63
1,VS,16%,H1VS16,109,8,59
1,VS,4%,H1VS4,17,8,92
1,VE,4%,H1VE4,96,8,70
1,VE,4%,H1VE4,102,8,65
1,VE,4%,H1VE4,103,8,65
1,VE,4%,H1VE4,105,8,75
1,VE,4%,H1VE4,110,8,43
1,VE,4%,H1VE4,117,8,57
1,VE,4%,H1VE4,124,8,74
1,VE,4%,H1VE4,181,8,53
1,VE,4%,H1VE4,194,8,55
1,VE,4%,H1VE4,203,8,76
1,VE,8%,H1VE8,94,8,63
1,VE,8%,H1VE8,127,8,85
1,VE,8%,H1VE8,140,8,46
1,VE,8%,H1VE8,144,8,64
1,VE,8%,H1VE8,147,8,60
1,VE,8%,H1VE8,151,8,65
1,VE,8%,H1VE8,155,8,78
1,VE,8%,H1VE8,165,8,48
1,VE,8%,H1VE8,243,8,58
1,VE,8%,H1VE8,248,8,57
1,VE,16%,H1VE16,121,8,58
1,VE,16%,H1VE16,137,8,61
1,VE,16%,H1VE16,141,8,48
1,VE,16%,H1VE16,168,8,55
1,VE,16%,H1VE16,169,8,60
1,VE,16%,H1VE16,172,8,68
1,VE,16%,H1VE16,174,8,65
1,VE,16%,H1VE16,182,8,74
1,VE,16%,H1VE16,183,8,37
1,VE,16%,H1VE16,184,8,46
1,VE,16%,H1VE16,188,8,45
1,VE,4%,H1VE4,299,8,64
2,VS,4%,H2VS4,6,8,120
2,VS,4%,H2VS4,8,8,102
2,VS,4%,H2VS4,10,8,97
2,VS,4%,H2VS4,12,8,145
2,VS,4%,H2VS4,14,8,80
2,VS,4%,H2VS4,16,8,128
2,VS,4%,H2VS4,24,8,122
2,VS,4%,H2VS4,28,8,92
2,VS,4%,H2VS4,43,8,138
2,VS,4%,H2VS4,67,8,106
2,VS,4%,H2VS4,68,8,114
2,VS,4%,H2VS4,92,8,51
2,VS,8%,H2VS8,1,8,96
2,VS,8%,H2VS8,7,8,120
2,VS,8%,H2VS8,25,8,98
2,VS,8%,H2VS8,30,8,128
2,VS,8%,H2VS8,35,8,70
2,VS,8%,H2VS8,37,8,86
2,VS,8%,H2VS8,40,8,66
2,VS,8%,H2VS8,45,8,98
2,VS,8%,H2VS8,65,8,98
2,VS,8%,H2VS8,90,8,64
2,VS,8%,H2VS8,96,8,80
2,VS,16%,H2VS16,4,8,75
2,VS,16%,H2VS16,31,8,101
2,VS,16%,H2VS16,66,8,81
2,VS,16%,H2VS16,86,8,73
2,VS,16%,H2VS16,94,8,56
2,VS,16%,H2VS16,95,8,70
2,VS,16%,H2VS16,100,8,56
2,VS,16%,H2VS16,106,8,70
2,VS,16%,H2VS16,108,8,63
2,VS,16%,H2VS16,111,8,57
2,VE,4%,H2VE4,91,8,75
2,VE,4%,H2VE4,93,8,50
2,VE,4%,H2VE4,108,8,72
2,VE,4%,H2VE4,134,8,0
2,VE,4%,H2VE4,157,8,64
2,VE,4%,H2VE4,197,8,0
2,VE,4%,H2VE4,198,8,0
2,VE,4%,H2VE4,199,8,0
2,VE,4%,H2VE4,201,8,69
2,VE,4%,H2VE4,208,8,66
2,VE,4%,H2VE4,227,8,0
2,VE,4%,H2VE4,340,8,0
2,VE,8%,H2VE8,120,8,48
2,VE,8%,H2VE8,128,8,60
2,VE,8%,H2VE8,139,8,72
2,VE,8%,H2VE8,143,8,60
2,VE,8%,H2VE8,145,8,44
2,VE,8%,H2VE8,152,8,70
2,VE,8%,H2VE8,158,8,62
2,VE,8%,H2VE8,190,8,67
2,VE,8%,H2VE8,195,8,0
2,VE,8%,H2VE8,207,8,71
2,VE,8%,H2VE8,278,8,75
2,VE,16%,H2VE16,107,8,70
2,VE,16%,H2VE16,122,8,88
2,VE,16%,H2VE16,142,8,53
2,VE,16%,H2VE16,162,8,77
2,VE,16%,H2VE16,164,8,64
2,VE,16%,H2VE16,167,8,44
2,VE,16%,H2VE16,176,8,65
2,VE,16%,H2VE16,178,8,53
2,VE,16%,H2VE16,180,8,43
2,VE,16%,H2VE16,185,8,72
2,VE,16%,H2VE16,186,8,54
2,VE,16%,H2VE16,238,8,58
3,VS,16%,H3VS16,99,9,86
3,VS,16%,H3VS16,99,10,124
3,VS,16%,H3VS16,99,11,135
3,VS,16%,H3VS16,99,12,136
3,VS,16%,H3VS16,99,13,156
3,VS,16%,H3VS16,99,14,180
3,VS,16%,H3VS16,99,15,284
3,VS,16%,H3VS16,105,1,0
3,VS,16%,H3VS16,105,2,9
3,VS,16%,H3VS16,105,3,21
3,VS,16%,H3VS16,105,4,40
3,VS,16%,H3VS16,105,5,53
3,VS,16%,H3VS16,105,6,62
3,VS,16%,H3VS16,105,7,62
3,VS,16%,H3VS16,105,8,68
3,VS,16%,H3VS16,105,9,68
3,VS,16%,H3VS16,105,10,117
3,VS,16%,H3VS16,105,11,174
3,VS,16%,H3VS16,105,12,174
3,VS,16%,H3VS16,105,13,190
3,VS,16%,H3VS16,105,14,214
3,VS,16%,H3VS16,105,15,268
3,VS,16%,H3VS16,110,1,0
3,VS,16%,H3VS16,110,2,9
3,VS,16%,H3VS16,110,3,22
3,VS,16%,H3VS16,110,4,31
3,VS,16%,H3VS16,110,5,53
3,VS,16%,H3VS16,110,6,55
3,VS,16%,H3VS16,110,7,59
3,VS,16%,H3VS16,110,8,65
3,VS,16%,H3VS16,110,9,67
3,VS,16%,H3VS16,110,10,101
3,VS,16%,H3VS16,110,11,141
3,VS,16%,H3VS16,110,12,154
3,VS,16%,H3VS16,110,13,165
3,VS,16%,H3VS16,110,14,179
3,VS,16%,H3VS16,110,15,235
1,VS,4%,H1VS4,3,9,112
1,VS,4%,H1VS4,9,9,110
1,VS,4%,H1VS4,23,9,152
1,VS,4%,H1VS4,57,9,105
1,VS,4%,H1VS4,69,9,91
1,VS,4%,H1VS4,70,9,146
1,VS,4%,H1VS4,71,9,128
1,VS,4%,H1VS4,102,9,45
1,VS,4%,H1VS4,112,9,52
1,VS,4%,H1VS4,127,9,70
1,VS,8%,H1VS8,26,9,160
1,VS,8%,H1VS8,32,9,127
1,VS,8%,H1VS8,36,9,120
1,VS,8%,H1VS8,39,9,94
1,VS,8%,H1VS8,52,9,116
1,VS,8%,H1VS8,53,9,120
1,VS,8%,H1VS8,56,9,135
1,VS,8%,H1VS8,59,9,128
1,VS,8%,H1VS8,60,9,158
1,VS,8%,H1VS8,64,9,100
1,VS,8%,H1VS8,114,9,83
1,VS,16%,H1VS16,29,9,119
1,VS,16%,H1VS16,33,9,123
1,VS,16%,H1VS16,54,9,94
1,VS,16%,H1VS16,73,9,51
1,VS,16%,H1VS16,74,9,98
1,VS,16%,H1VS16,79,9,54
1,VS,16%,H1VS16,82,9,60
1,VS,16%,H1VS16,84,9,100
1,VS,16%,H1VS16,93,9,30
1,VS,16%,H1VS16,107,9,67
1,VS,16%,H1VS16,109,9,66
1,VS,4%,H1VS4,17,9,104
1,VE,4%,H1VE4,96,9,73
1,VE,4%,H1VE4,102,9,72
1,VE,4%,H1VE4,103,9,63
1,VE,4%,H1VE4,105,9,70
1,VE,4%,H1VE4,110,9,41
1,VE,4%,H1VE4,117,9,60
1,VE,4%,H1VE4,124,9,48
1,VE,4%,H1VE4,181,9,64
1,VE,4%,H1VE4,194,9,63
1,VE,4%,H1VE4,203,9,75
1,VE,8%,H1VE8,94,9,74
1,VE,8%,H1VE8,127,9,188
1,VE,8%,H1VE8,140,9,153
1,VE,8%,H1VE8,144,9,168
1,VE,8%,H1VE8,147,9,67
1,VE,8%,H1VE8,151,9,62
1,VE,8%,H1VE8,155,9,96
1,VE,8%,H1VE8,165,9,85
1,VE,8%,H1VE8,243,9,74
1,VE,8%,H1VE8,248,9,68
1,VE,16%,H1VE16,121,9,70
1,VE,16%,H1VE16,137,9,70
1,VE,16%,H1VE16,141,9,55
1,VE,16%,H1VE16,168,9,73
1,VE,16%,H1VE16,169,9,68
1,VE,16%,H1VE16,172,9,75
1,VE,16%,H1VE16,174,9,73
1,VE,16%,H1VE16,182,9,83
1,VE,16%,H1VE16,183,9,62
1,VE,16%,H1VE16,184,9,63
1,VE,16%,H1VE16,188,9,56
1,VE,4%,H1VE4,299,9,60
2,VS,4%,H2VS4,6,9,143
2,VS,4%,H2VS4,8,9,143
2,VS,4%,H2VS4,10,9,123
2,VS,4%,H2VS4,12,9,173
2,VS,4%,H2VS4,14,9,124
2,VS,4%,H2VS4,16,9,144
2,VS,4%,H2VS4,24,9,143
2,VS,4%,H2VS4,28,9,115
2,VS,4%,H2VS4,43,9,154
2,VS,4%,H2VS4,67,9,120
2,VS,4%,H2VS4,68,9,142
2,VS,4%,H2VS4,92,9,60
2,VS,8%,H2VS8,1,9,121
2,VS,8%,H2VS8,7,9,128
2,VS,8%,H2VS8,25,9,159
2,VS,8%,H2VS8,30,9,170
2,VS,8%,H2VS8,35,9,90
2,VS,8%,H2VS8,37,9,82
2,VS,8%,H2VS8,40,9,80
2,VS,8%,H2VS8,45,9,59
2,VS,8%,H2VS8,65,9,110
2,VS,8%,H2VS8,90,9,60
2,VS,8%,H2VS8,96,9,64
2,VS,16%,H2VS16,4,9,93
2,VS,16%,H2VS16,31,9,141
2,VS,16%,H2VS16,66,9,86
2,VS,16%,H2VS16,86,9,95
2,VS,16%,H2VS16,94,9,81
2,VS,16%,H2VS16,95,9,111
2,VS,16%,H2VS16,100,9,59
2,VS,16%,H2VS16,106,9,85
2,VS,16%,H2VS16,108,9,79
2,VS,16%,H2VS16,111,9,69
2,VE,4%,H2VE4,91,9,75
2,VE,4%,H2VE4,93,9,60
2,VE,4%,H2VE4,108,9,72
2,VE,4%,H2VE4,134,9,0
2,VE,4%,H2VE4,157,9,65
2,VE,4%,H2VE4,197,9,0
2,VE,4%,H2VE4,198,9,0
2,VE,4%,H2VE4,199,9,0
2,VE,4%,H2VE4,201,9,60
2,VE,4%,H2VE4,208,9,70
2,VE,4%,H2VE4,227,9,0
2,VE,4%,H2VE4,340,9,0
2,VE,8%,H2VE8,120,9,54
2,VE,8%,H2VE8,128,9,167
2,VE,8%,H2VE8,139,9,66
2,VE,8%,H2VE8,143,9,62
2,VE,8%,H2VE8,145,9,45
2,VE,8%,H2VE8,152,9,183
2,VE,8%,H2VE8,158,9,64
2,VE,8%,H2VE8,190,9,79
2,VE,8%,H2VE8,195,9,0
2,VE,8%,H2VE8,207,9,76
2,VE,8%,H2VE8,278,9,81
2,VE,16%,H2VE16,107,9,78
2,VE,16%,H2VE16,122,9,88
2,VE,16%,H2VE16,142,9,58
2,VE,16%,H2VE16,162,9,85
2,VE,16%,H2VE16,164,9,67
2,VE,16%,H2VE16,167,9,85
2,VE,16%,H2VE16,176,9,64
2,VE,16%,H2VE16,178,9,53
2,VE,16%,H2VE16,180,9,64
2,VE,16%,H2VE16,185,9,89
2,VE,16%,H2VE16,186,9,72
2,VE,16%,H2VE16,238,9,64
3,VE,4%,H3VE4,95,1,32
3,VE,4%,H3VE4,95,2,41
3,VE,4%,H3VE4,95,3,56
3,VE,4%,H3VE4,95,4,42
3,VE,4%,H3VE4,95,5,71
3,VE,4%,H3VE4,95,6,65
3,VE,4%,H3VE4,95,7,68
3,VE,4%,H3VE4,95,8,66
3,VE,4%,H3VE4,95,9,73
3,VE,4%,H3VE4,95,10,93
3,VE,4%,H3VE4,95,11,105
3,VE,4%,H3VE4,95,12,137
3,VE,4%,H3VE4,95,13,145
3,VE,4%,H3VE4,95,14,160
3,VE,4%,H3VE4,95,15,149
3,VE,4%,H3VE4,98,1,0
3,VE,4%,H3VE4,98,2,11
3,VE,4%,H3VE4,98,3,23
3,VE,4%,H3VE4,98,4,53
3,VE,4%,H3VE4,98,5,69
3,VE,4%,H3VE4,98,6,60
3,VE,4%,H3VE4,98,7,56
3,VE,4%,H3VE4,98,8,59
3,VE,4%,H3VE4,98,9,69
3,VE,4%,H3VE4,98,10,71
3,VE,4%,H3VE4,98,11,116
3,VE,4%,H3VE4,98,12,136
3,VE,4%,H3VE4,98,13,147
3,VE,4%,H3VE4,98,14,155
3,VE,4%,H3VE4,98,15,161
3,VE,4%,H3VE4,104,1,46
3,VE,4%,H3VE4,104,2,55
3,VE,4%,H3VE4,104,3,56
3,VE,4%,H3VE4,104,4,51
3,VE,4%,H3VE4,104,5,59
3,VE,4%,H3VE4,104,6,55
3,VE,4%,H3VE4,104,7,65
3,VE,4%,H3VE4,104,8,63
3,VE,4%,H3VE4,104,9,73
3,VE,4%,H3VE4,104,10,95
3,VE,4%,H3VE4,104,11,130
3,VE,4%,H3VE4,104,12,142
3,VE,4%,H3VE4,104,13,162
3,VE,4%,H3VE4,104,14,168
3,VE,4%,H3VE4,104,15,186
1,VS,4%,H1VS4,3,10,n/a
1,VS,4%,H1VS4,9,10,n/a
1,VS,4%,H1VS4,23,10,n/a
1,VS,4%,H1VS4,57,10,n/a
1,VS,4%,H1VS4,69,10,n/a
1,VS,4%,H1VS4,70,10,n/a
1,VS,4%,H1VS4,71,10,n/a
1,VS,4%,H1VS4,102,10,n/a
1,VS,4%,H1VS4,112,10,n/a
1,VS,4%,H1VS4,127,10,n/a
1,VS,8%,H1VS8,26,10,n/a
1,VS,8%,H1VS8,32,10,n/a
1,VS,8%,H1VS8,36,10,n/a
1,VS,8%,H1VS8,39,10,n/a
1,VS,8%,H1VS8,52,10,n/a
1,VS,8%,H1VS8,53,10,n/a
1,VS,8%,H1VS8,56,10,n/a
1,VS,8%,H1VS8,59,10,n/a
1,VS,8%,H1VS8,60,10,n/a
1,VS,8%,H1VS8,64,10,n/a
1,VS,8%,H1VS8,114,10,n/a
1,VS,16%,H1VS16,29,10,n/a
1,VS,16%,H1VS16,33,10,n/a
1,VS,16%,H1VS16,54,10,n/a
1,VS,16%,H1VS16,73,10,n/a
1,VS,16%,H1VS16,74,10,n/a
1,VS,16%,H1VS16,79,10,n/a
1,VS,16%,H1VS16,82,10,n/a
1,VS,16%,H1VS16,84,10,n/a
1,VS,16%,H1VS16,93,10,n/a
1,VS,16%,H1VS16,107,10,n/a
1,VS,16%,H1VS16,109,10,n/a
1,VS,4%,H1VS4,17,10,n/a
1,VE,4%,H1VE4,96,10,82
1,VE,4%,H1VE4,102,10,n/a
1,VE,4%,H1VE4,103,10,n/a
1,VE,4%,H1VE4,105,10,n/a
1,VE,4%,H1VE4,110,10,n/a
1,VE,4%,H1VE4,117,10,n/a
1,VE,4%,H1VE4,124,10,n/a
1,VE,4%,H1VE4,181,10,n/a
1,VE,4%,H1VE4,194,10,n/a
1,VE,4%,H1VE4,203,10,n/a
1,VE,8%,H1VE8,94,10,67
1,VE,8%,H1VE8,127,10,123
1,VE,8%,H1VE8,140,10,61
1,VE,8%,H1VE8,144,10,94
1,VE,8%,H1VE8,147,10,55
1,VE,8%,H1VE8,151,10,68
1,VE,8%,H1VE8,155,10,140
1,VE,8%,H1VE8,165,10,107
1,VE,8%,H1VE8,243,10,86
1,VE,8%,H1VE8,248,10,61
1,VE,16%,H1VE16,121,10,94
1,VE,16%,H1VE16,137,10,60
1,VE,16%,H1VE16,141,10,58
1,VE,16%,H1VE16,168,10,81
1,VE,16%,H1VE16,169,10,72
1,VE,16%,H1VE16,172,10,98
1,VE,16%,H1VE16,174,10,94
1,VE,16%,H1VE16,182,10,95
1,VE,16%,H1VE16,183,10,187
1,VE,16%,H1VE16,184,10,71
1,VE,16%,H1VE16,188,10,61
1,VE,4%,H1VE4,299,10,n/a
2,VS,4%,H2VS4,6,10,162
2,VS,4%,H2VS4,8,10,162
2,VS,4%,H2VS4,10,10,60
2,VS,4%,H2VS4,12,10,196
2,VS,4%,H2VS4,14,10,127
2,VS,4%,H2VS4,16,10,174
2,VS,4%,H2VS4,24,10,159
2,VS,4%,H2VS4,28,10,131
2,VS,4%,H2VS4,43,10,172
2,VS,4%,H2VS4,67,10,135
2,VS,4%,H2VS4,68,10,167
2,VS,4%,H2VS4,92,10,59
2,VS,8%,H2VS8,1,10,104
2,VS,8%,H2VS8,7,10,157
2,VS,8%,H2VS8,25,10,174
2,VS,8%,H2VS8,30,10,186
2,VS,8%,H2VS8,35,10,103
2,VS,8%,H2VS8,37,10,122
2,VS,8%,H2VS8,40,10,102
2,VS,8%,H2VS8,45,10,76
2,VS,8%,H2VS8,65,10,122
2,VS,8%,H2VS8,90,10,90
2,VS,8%,H2VS8,96,10,120
2,VS,16%,H2VS16,4,10,114
2,VS,16%,H2VS16,31,10,174
2,VS,16%,H2VS16,66,10,91
2,VS,16%,H2VS16,86,10,99
2,VS,16%,H2VS16,94,10,109
2,VS,16%,H2VS16,95,10,133
2,VS,16%,H2VS16,100,10,96
2,VS,16%,H2VS16,106,10,124
2,VS,16%,H2VS16,108,10,111
2,VS,16%,H2VS16,111,10,99
2,VE,4%,H2VE4,91,10,77
2,VE,4%,H2VE4,93,10,98
2,VE,4%,H2VE4,108,10,73
2,VE,4%,H2VE4,134,10,0
2,VE,4%,H2VE4,157,10,91
2,VE,4%,H2VE4,197,10,55
2,VE,4%,H2VE4,198,10,64
2,VE,4%,H2VE4,199,10,100
2,VE,4%,H2VE4,201,10,64
2,VE,4%,H2VE4,208,10,73
2,VE,4%,H2VE4,227,10,62
2,VE,4%,H2VE4,340,10,91
2,VE,8%,H2VE8,120,10,69
2,VE,8%,H2VE8,128,10,85
2,VE,8%,H2VE8,139,10,94
2,VE,8%,H2VE8,143,10,63
2,VE,8%,H2VE8,145,10,81
2,VE,8%,H2VE8,152,10,84
2,VE,8%,H2VE8,158,10,78
2,VE,8%,H2VE8,190,10,105
2,VE,8%,H2VE8,195,10,71
2,VE,8%,H2VE8,207,10,82
2,VE,8%,H2VE8,278,10,105
2,VE,16%,H2VE16,107,10,92
2,VE,16%,H2VE16,122,10,82
2,VE,16%,H2VE16,142,10,84
2,VE,16%,H2VE16,162,10,99
2,VE,16%,H2VE16,164,10,58
2,VE,16%,H2VE16,167,10,93
2,VE,16%,H2VE16,176,10,60
2,VE,16%,H2VE16,178,10,77
2,VE,16%,H2VE16,180,10,100
2,VE,16%,H2VE16,185,10,102
2,VE,16%,H2VE16,186,10,73
2,VE,16%,H2VE16,238,10,80
3,VE,4%,H3VE4,109,1,0
3,VE,4%,H3VE4,109,2,11
3,VE,4%,H3VE4,109,3,33
3,VE,4%,H3VE4,109,4,42
3,VE,4%,H3VE4,109,5,52
3,VE,4%,H3VE4,109,6,60
3,VE,4%,H3VE4,109,7,61
3,VE,4%,H3VE4,109,8,65
3,VE,4%,H3VE4,109,9,65
3,VE,4%,H3VE4,109,10,73
3,VE,4%,H3VE4,109,11,101
3,VE,4%,H3VE4,109,12,98
3,VE,4%,H3VE4,109,13,102
3,VE,4%,H3VE4,109,14,118
3,VE,4%,H3VE4,109,15,120
3,VE,4%,H3VE4,115,1,22
3,VE,4%,H3VE4,115,2,31
3,VE,4%,H3VE4,115,3,30
3,VE,4%,H3VE4,115,4,49
3,VE,4%,H3VE4,115,5,67
3,VE,4%,H3VE4,115,6,70
3,VE,4%,H3VE4,115,7,74
3,VE,4%,H3VE4,115,8,82
3,VE,4%,H3VE4,115,9,84
3,VE,4%,H3VE4,115,10,100
3,VE,4%,H3VE4,115,11,107
3,VE,4%,H3VE4,115,12,130
3,VE,4%,H3VE4,115,13,158
3,VE,4%,H3VE4,115,14,166
3,VE,4%,H3VE4,115,15,168
3,VE,4%,H3VE4,119,1,9
3,VE,4%,H3VE4,119,2,30
3,VE,4%,H3VE4,119,3,33
3,VE,4%,H3VE4,119,4,44
3,VE,4%,H3VE4,119,5,50
3,VE,4%,H3VE4,119,6,58
3,VE,4%,H3VE4,119,7,54
3,VE,4%,H3VE4,119,8,53
3,VE,4%,H3VE4,119,9,70
3,VE,4%,H3VE4,119,10,93
3,VE,4%,H3VE4,119,11,121
3,VE,4%,H3VE4,119,12,132
3,VE,4%,H3VE4,119,13,138
3,VE,4%,H3VE4,119,14,147
3,VE,4%,H3VE4,119,15,156
3,VE,4%,H3VE4,171,1,0
3,VE,4%,H3VE4,171,2,9
3,VE,4%,H3VE4,171,3,23
3,VE,4%,H3VE4,171,4,40
3,VE,4%,H3VE4,171,5,60
3,VE,4%,H3VE4,171,6,54
3,VE,4%,H3VE4,171,7,63
3,VE,4%,H3VE4,171,8,62
3,VE,4%,H3VE4,171,9,63
3,VE,4%,H3VE4,171,10,89
3,VE,4%,H3VE4,171,11,131
3,VE,4%,H3VE4,171,12,145
3,VE,4%,H3VE4,171,13,149
3,VE,4%,H3VE4,171,14,179
3,VE,4%,H3VE4,171,15,181
3,VE,4%,H3VE4,189,1,0
3,VE,4%,H3VE4,189,2,9
3,VE,4%,H3VE4,189,3,18
3,VE,4%,H3VE4,189,4,24
3,VE,4%,H3VE4,189,5,42
1,VS,4%,H1VS4,3,11,n/a
1,VS,4%,H1VS4,9,11,n/a
1,VS,4%,H1VS4,23,11,n/a
1,VS,4%,H1VS4,57,11,n/a
1,VS,4%,H1VS4,69,11,n/a
1,VS,4%,H1VS4,70,11,n/a
1,VS,4%,H1VS4,71,11,n/a
1,VS,4%,H1VS4,102,11,n/a
1,VS,4%,H1VS4,112,11,n/a
1,VS,4%,H1VS4,127,11,n/a
1,VS,8%,H1VS8,26,11,n/a
1,VS,8%,H1VS8,32,11,n/a
1,VS,8%,H1VS8,36,11,n/a
1,VS,8%,H1VS8,39,11,n/a
1,VS,8%,H1VS8,52,11,n/a
1,VS,8%,H1VS8,53,11,n/a
1,VS,8%,H1VS8,56,11,n/a
1,VS,8%,H1VS8,59,11,n/a
1,VS,8%,H1VS8,60,11,n/a
1,VS,8%,H1VS8,64,11,n/a
1,VS,8%,H1VS8,114,11,n/a
1,VS,16%,H1VS16,29,11,n/a
1,VS,16%,H1VS16,33,11,n/a
1,VS,16%,H1VS16,54,11,n/a
1,VS,16%,H1VS16,73,11,n/a
1,VS,16%,H1VS16,74,11,n/a
1,VS,16%,H1VS16,79,11,n/a
1,VS,16%,H1VS16,82,11,n/a
1,VS,16%,H1VS16,84,11,n/a
1,VS,16%,H1VS16,93,11,n/a
1,VS,16%,H1VS16,107,11,n/a
1,VS,16%,H1VS16,109,11,n/a
1,VS,4%,H1VS4,17,11,n/a
1,VE,4%,H1VE4,96,11,n/a
1,VE,4%,H1VE4,102,11,n/a
1,VE,4%,H1VE4,103,11,n/a
1,VE,4%,H1VE4,105,11,n/a
1,VE,4%,H1VE4,110,11,n/a
1,VE,4%,H1VE4,117,11,n/a
1,VE,4%,H1VE4,124,11,n/a
1,VE,4%,H1VE4,181,11,n/a
1,VE,4%,H1VE4,194,11,n/a
1,VE,4%,H1VE4,203,11,n/a
1,VE,8%,H1VE8,94,11,n/a
1,VE,8%,H1VE8,127,11,n/a
1,VE,8%,H1VE8,140,11,n/a
1,VE,8%,H1VE8,144,11,n/a
1,VE,8%,H1VE8,147,11,n/a
1,VE,8%,H1VE8,151,11,n/a
1,VE,8%,H1VE8,155,11,n/a
1,VE,8%,H1VE8,165,11,n/a
1,VE,8%,H1VE8,243,11,n/a
1,VE,8%,H1VE8,248,11,n/a
1,VE,16%,H1VE16,121,11,n/a
1,VE,16%,H1VE16,137,11,n/a
1,VE,16%,H1VE16,141,11,n/a
1,VE,16%,H1VE16,168,11,n/a
1,VE,16%,H1VE16,169,11,n/a
1,VE,16%,H1VE16,172,11,n/a
1,VE,16%,H1VE16,174,11,n/a
1,VE,16%,H1VE16,182,11,n/a
1,VE,16%,H1VE16,183,11,n/a
1,VE,16%,H1VE16,184,11,n/a
1,VE,16%,H1VE16,188,11,n/a
1,VE,4%,H1VE4,299,11,n/a
2,VS,4%,H2VS4,6,11,196
2,VS,4%,H2VS4,8,11,238
2,VS,4%,H2VS4,10,11,179
2,VS,4%,H2VS4,12,11,240
2,VS,4%,H2VS4,14,11,170
2,VS,4%,H2VS4,16,11,242
2,VS,4%,H2VS4,24,11,210
2,VS,4%,H2VS4,28,11,181
2,VS,4%,H2VS4,43,11,193
2,VS,4%,H2VS4,67,11,162
2,VS,4%,H2VS4,68,11,220
2,VS,4%,H2VS4,92,11,n/a
2,VS,8%,H2VS8,1,11,226
2,VS,8%,H2VS8,7,11,273
2,VS,8%,H2VS8,25,11,273
2,VS,8%,H2VS8,30,11,251
2,VS,8%,H2VS8,35,11,160
2,VS,8%,H2VS8,37,11,204
2,VS,8%,H2VS8,40,11,154
2,VS,8%,H2VS8,45,11,143
2,VS,8%,H2VS8,65,11,188
2,VS,8%,H2VS8,90,11,133
2,VS,8%,H2VS8,96,11,190
2,VS,16%,H2VS16,4,11,170
2,VS,16%,H2VS16,31,11,241
2,VS,16%,H2VS16,66,11,122
2,VS,16%,H2VS16,86,11,145
2,VS,16%,H2VS16,94,11,184
2,VS,16%,H2VS16,95,11,198
2,VS,16%,H2VS16,100,11,144
2,VS,16%,H2VS16,106,11,187
2,VS,16%,H2VS16,108,11,181
2,VS,16%,H2VS16,111,11,174
2,VE,4%,H2VE4,91,11,68
2,VE,4%,H2VE4,93,11,98
2,VE,4%,H2VE4,108,11,91
2,VE,4%,H2VE4,134,11,0
2,VE,4%,H2VE4,157,11,142
2,VE,4%,H2VE4,197,11,89
2,VE,4%,H2VE4,198,11,103
2,VE,4%,H2VE4,199,11,153
2,VE,4%,H2VE4,201,11,78
2,VE,4%,H2VE4,208,11,100
2,VE,4%,H2VE4,227,11,84
2,VE,4%,H2VE4,340,11,112
2,VE,8%,H2VE8,120,11,124
2,VE,8%,H2VE8,128,11,126
2,VE,8%,H2VE8,139,11,140
2,VE,8%,H2VE8,143,11,105
2,VE,8%,H2VE8,145,11,127
2,VE,8%,H2VE8,152,11,153
2,VE,8%,H2VE8,158,11,144
2,VE,8%,H2VE8,190,11,150
2,VE,8%,H2VE8,195,11,92
2,VE,8%,H2VE8,207,11,131
2,VE,8%,H2VE8,278,11,106
2,VE,16%,H2VE16,107,11,130
2,VE,16%,H2VE16,122,11,132
2,VE,16%,H2VE16,142,11,131
2,VE,16%,H2VE16,162,11,153
2,VE,16%,H2VE16,164,11,97
2,VE,16%,H2VE16,167,11,139
2,VE,16%,H2VE16,176,11,98
2,VE,16%,H2VE16,178,11,125
2,VE,16%,H2VE16,180,11,160
2,VE,16%,H2VE16,185,11,173
2,VE,16%,H2VE16,186,11,124
2,VE,16%,H2VE16,238,11,130
3,VE,4%,H3VE4,189,6,43
3,VE,4%,H3VE4,189,7,50
3,VE,4%,H3VE4,189,8,54
3,VE,4%,H3VE4,189,9,66
3,VE,4%,H3VE4,189,10,79
3,VE,4%,H3VE4,189,11,96
3,VE,4%,H3VE4,189,12,112
3,VE,4%,H3VE4,189,13,120
3,VE,4%,H3VE4,189,14,130
3,VE,4%,H3VE4,189,15,144
3,VE,8%,H3VE8,92,1,29
3,VE,8%,H3VE8,92,2,40
3,VE,8%,H3VE8,92,3,50
3,VE,8%,H3VE8,92,4,61
3,VE,8%,H3VE8,92,5,76
3,VE,8%,H3VE8,92,6,65
3,VE,8%,H3VE8,92,7,67
3,VE,8%,H3VE8,92,8,74
3,VE,8%,H3VE8,92,9,99
3,VE,8%,H3VE8,92,10,132
3,VE,8%,H3VE8,92,11,163
3,VE,8%,H3VE8,92,12,180
3,VE,8%,H3VE8,92,13,185
3,VE,8%,H3VE8,92,14,187
3,VE,8%,H3VE8,92,15,199
3,VE,8%,H3VE8,99,1,28
3,VE,8%,H3VE8,99,2,33
3,VE,8%,H3VE8,99,3,56
3,VE,8%,H3VE8,99,4,52
3,VE,8%,H3VE8,99,5,61
3,VE,8%,H3VE8,99,6,56
3,VE,8%,H3VE8,99,7,54
3,VE,8%,H3VE8,99,8,58
3,VE,8%,H3VE8,99,9,67
3,VE,8%,H3VE8,99,10,97
3,VE,8%,H3VE8,99,11,133
3,VE,8%,H3VE8,99,12,28.6
3,VE,8%,H3VE8,99,13,146
3,VE,8%,H3VE8,99,14,156
3,VE,8%,H3VE8,99,15,157
3,VE,8%,H3VE8,131,1,18
3,VE,8%,H3VE8,131,2,35
3,VE,8%,H3VE8,131,3,42
3,VE,8%,H3VE8,131,4,44
3,VE,8%,H3VE8,131,5,58
3,VE,8%,H3VE8,131,6,46
3,VE,8%,H3VE8,131,7,58
3,VE,8%,H3VE8,131,8,52
3,VE,8%,H3VE8,131,9,55
3,VE,8%,H3VE8,131,10,83
3,VE,8%,H3VE8,131,11,125
3,VE,8%,H3VE8,131,12,133
3,VE,8%,H3VE8,131,13,141
3,VE,8%,H3VE8,131,14,137
3,VE,8%,H3VE8,131,15,145
3,VE,8%,H3VE8,135,1,0
3,VE,8%,H3VE8,135,2,33
3,VE,8%,H3VE8,135,3,50
3,VE,8%,H3VE8,135,4,60
1,VS,4%,H1VS4,3,12,n/a
1,VS,4%,H1VS4,9,12,n/a
1,VS,4%,H1VS4,23,12,n/a
1,VS,4%,H1VS4,57,12,n/a
1,VS,4%,H1VS4,69,12,n/a
1,VS,4%,H1VS4,70,12,n/a
1,VS,4%,H1VS4,71,12,n/a
1,VS,4%,H1VS4,102,12,n/a
1,VS,4%,H1VS4,112,12,n/a
1,VS,4%,H1VS4,127,12,n/a
1,VS,8%,H1VS8,26,12,n/a
1,VS,8%,H1VS8,32,12,n/a
1,VS,8%,H1VS8,36,12,n/a
1,VS,8%,H1VS8,39,12,n/a
1,VS,8%,H1VS8,52,12,n/a
1,VS,8%,H1VS8,53,12,n/a
1,VS,8%,H1VS8,56,12,n/a
1,VS,8%,H1VS8,59,12,n/a
1,VS,8%,H1VS8,60,12,n/a
1,VS,8%,H1VS8,64,12,n/a
1,VS,8%,H1VS8,114,12,n/a
1,VS,16%,H1VS16,29,12,n/a
1,VS,16%,H1VS16,33,12,n/a
1,VS,16%,H1VS16,54,12,n/a
1,VS,16%,H1VS16,73,12,n/a
1,VS,16%,H1VS16,74,12,n/a
1,VS,16%,H1VS16,79,12,n/a
1,VS,16%,H1VS16,82,12,n/a
1,VS,16%,H1VS16,84,12,n/a
1,VS,16%,H1VS16,93,12,n/a
1,VS,16%,H1VS16,107,12,n/a
1,VS,16%,H1VS16,109,12,n/a
1,VS,4%,H1VS4,17,12,n/a
1,VE,4%,H1VE4,96,12,n/a
1,VE,4%,H1VE4,102,12,n/a
1,VE,4%,H1VE4,103,12,n/a
1,VE,4%,H1VE4,105,12,n/a
1,VE,4%,H1VE4,110,12,n/a
1,VE,4%,H1VE4,117,12,n/a
1,VE,4%,H1VE4,124,12,n/a
1,VE,4%,H1VE4,181,12,n/a
1,VE,4%,H1VE4,194,12,n/a
1,VE,4%,H1VE4,203,12,n/a
1,VE,8%,H1VE8,94,12,n/a
1,VE,8%,H1VE8,127,12,n/a
1,VE,8%,H1VE8,140,12,n/a
1,VE,8%,H1VE8,144,12,n/a
1,VE,8%,H1VE8,147,12,n/a
1,VE,8%,H1VE8,151,12,n/a
1,VE,8%,H1VE8,155,12,n/a
1,VE,8%,H1VE8,165,12,n/a
1,VE,8%,H1VE8,243,12,n/a
1,VE,8%,H1VE8,248,12,n/a
1,VE,16%,H1VE16,121,12,n/a
1,VE,16%,H1VE16,137,12,n/a
1,VE,16%,H1VE16,141,12,n/a
1,VE,16%,H1VE16,168,12,n/a
1,VE,16%,H1VE16,169,12,n/a
1,VE,16%,H1VE16,172,12,n/a
1,VE,16%,H1VE16,174,12,n/a
1,VE,16%,H1VE16,182,12,n/a
1,VE,16%,H1VE16,183,12,n/a
1,VE,16%,H1VE16,184,12,n/a
1,VE,16%,H1VE16,188,12,n/a
1,VE,4%,H1VE4,299,12,n/a
2,VS,4%,H2VS4,6,12,225
2,VS,4%,H2VS4,8,12,272
2,VS,4%,H2VS4,10,12,200
2,VS,4%,H2VS4,12,12,260
2,VS,4%,H2VS4,14,12,192
2,VS,4%,H2VS4,16,12,280
2,VS,4%,H2VS4,24,12,218
2,VS,4%,H2VS4,28,12,189
2,VS,4%,H2VS4,43,12,195
2,VS,4%,H2VS4,67,12,165
2,VS,4%,H2VS4,68,12,237
2,VS,4%,H2VS4,92,12,n/a
2,VS,8%,H2VS8,1,12,246
2,VS,8%,H2VS8,7,12,310
2,VS,8%,H2VS8,25,12,296
2,VS,8%,H2VS8,30,12,260
2,VS,8%,H2VS8,35,12,155
2,VS,8%,H2VS8,37,12,214
2,VS,8%,H2VS8,40,12,165
2,VS,8%,H2VS8,45,12,174
2,VS,8%,H2VS8,65,12,199
2,VS,8%,H2VS8,90,12,167
2,VS,8%,H2VS8,96,12,206
2,VS,16%,H2VS16,4,12,198
2,VS,16%,H2VS16,31,12,259
2,VS,16%,H2VS16,66,12,103
2,VS,16%,H2VS16,86,12,157
2,VS,16%,H2VS16,94,12,198
2,VS,16%,H2VS16,95,12,215
2,VS,16%,H2VS16,100,12,166
2,VS,16%,H2VS16,106,12,202
2,VS,16%,H2VS16,108,12,176
2,VS,16%,H2VS16,111,12,195
2,VE,4%,H2VE4,91,12,72
2,VE,4%,H2VE4,93,12,112
2,VE,4%,H2VE4,108,12,107
2,VE,4%,H2VE4,134,12,0
2,VE,4%,H2VE4,157,12,162
2,VE,4%,H2VE4,197,12,105
2,VE,4%,H2VE4,198,12,125
2,VE,4%,H2VE4,199,12,167
2,VE,4%,H2VE4,201,12,104
2,VE,4%,H2VE4,208,12,120
2,VE,4%,H2VE4,227,12,106
2,VE,4%,H2VE4,340,12,150
2,VE,8%,H2VE8,120,12,141
2,VE,8%,H2VE8,128,12,134
2,VE,8%,H2VE8,139,12,152
2,VE,8%,H2VE8,143,12,132
2,VE,8%,H2VE8,145,12,150
2,VE,8%,H2VE8,152,12,164
2,VE,8%,H2VE8,158,12,161
2,VE,8%,H2VE8,190,12,175
2,VE,8%,H2VE8,195,12,107
2,VE,8%,H2VE8,207,12,142
2,VE,8%,H2VE8,278,12,110
2,VE,16%,H2VE16,107,12,137
2,VE,16%,H2VE16,122,12,130
2,VE,16%,H2VE16,142,12,135
2,VE,16%,H2VE16,162,12,186
2,VE,16%,H2VE16,164,12,114
2,VE,16%,H2VE16,167,12,156
2,VE,16%,H2VE16,176,12,120
2,VE,16%,H2VE16,178,12,139
2,VE,16%,H2VE16,180,12,176
2,VE,16%,H2VE16,185,12,175
2,VE,16%,H2VE16,186,12,152
2,VE,16%,H2VE16,238,12,143
3,VE,8%,H3VE8,135,5,60
3,VE,8%,H3VE8,135,6,67
3,VE,8%,H3VE8,135,7,54
3,VE,8%,H3VE8,135,8,58
3,VE,8%,H3VE8,135,9,60
3,VE,8%,H3VE8,135,10,89
3,VE,8%,H3VE8,135,11,114
3,VE,8%,H3VE8,135,12,110
3,VE,8%,H3VE8,135,13,120
3,VE,8%,H3VE8,135,14,118
3,VE,8%,H3VE8,135,15,130
3,VE,8%,H3VE8,161,1,0
3,VE,8%,H3VE8,161,2,22
3,VE,8%,H3VE8,161,3,22
3,VE,8%,H3VE8,161,4,39
3,VE,8%,H3VE8,161,5,56
3,VE,8%,H3VE8,161,6,60
3,VE,8%,H3VE8,161,7,57
3,VE,8%,H3VE8,161,8,64
3,VE,8%,H3VE8,161,9,70
3,VE,8%,H3VE8,161,10,62
3,VE,8%,H3VE8,161,11,71
3,VE,8%,H3VE8,161,12,100
3,VE,8%,H3VE8,161,13,100
3,VE,8%,H3VE8,161,14,118
3,VE,8%,H3VE8,161,15,144
3,VE,8%,H3VE8,177,1,0
3,VE,8%,H3VE8,177,2,9
3,VE,8%,H3VE8,177,3,25
3,VE,8%,H3VE8,177,4,35
3,VE,8%,H3VE8,177,5,47
3,VE,8%,H3VE8,177,6,54
3,VE,8%,H3VE8,177,7,61
3,VE,8%,H3VE8,177,8,65
3,VE,8%,H3VE8,177,9,72
3,VE,8%,H3VE8,177,10,103
3,VE,8%,H3VE8,177,11,138
3,VE,8%,H3VE8,177,12,155
3,VE,8%,H3VE8,177,13,149
3,VE,8%,H3VE8,177,14,150
3,VE,8%,H3VE8,177,15,174
1,VS,4%,H1VS4,3,13,n/a
1,VS,4%,H1VS4,9,13,n/a
1,VS,4%,H1VS4,23,13,n/a
1,VS,4%,H1VS4,57,13,n/a
1,VS,4%,H1VS4,69,13,n/a
1,VS,4%,H1VS4,70,13,n/a
1,VS,4%,H1VS4,71,13,n/a
1,VS,4%,H1VS4,102,13,n/a
1,VS,4%,H1VS4,112,13,n/a
1,VS,4%,H1VS4,127,13,n/a
1,VS,8%,H1VS8,26,13,n/a
1,VS,8%,H1VS8,32,13,n/a
1,VS,8%,H1VS8,36,13,n/a
1,VS,8%,H1VS8,39,13,n/a
1,VS,8%,H1VS8,52,13,n/a
1,VS,8%,H1VS8,53,13,n/a
1,VS,8%,H1VS8,56,13,n/a
1,VS,8%,H1VS8,59,13,n/a
1,VS,8%,H1VS8,60,13,n/a
1,VS,8%,H1VS8,64,13,n/a
1,VS,8%,H1VS8,114,13,n/a
1,VS,16%,H1VS16,29,13,n/a
1,VS,16%,H1VS16,33,13,n/a
1,VS,16%,H1VS16,54,13,n/a
1,VS,16%,H1VS16,73,13,n/a
1,VS,16%,H1VS16,74,13,n/a
1,VS,16%,H1VS16,79,13,n/a
1,VS,16%,H1VS16,82,13,n/a
1,VS,16%,H1VS16,84,13,n/a
1,VS,16%,H1VS16,93,13,n/a
1,VS,16%,H1VS16,107,13,n/a
1,VS,16%,H1VS16,109,13,n/a
1,VS,4%,H1VS4,17,13,n/a
1,VE,4%,H1VE4,96,13,n/a
1,VE,4%,H1VE4,102,13,n/a
1,VE,4%,H1VE4,103,13,n/a
1,VE,4%,H1VE4,105,13,n/a
1,VE,4%,H1VE4,110,13,n/a
1,VE,4%,H1VE4,117,13,n/a
1,VE,4%,H1VE4,124,13,n/a
1,VE,4%,H1VE4,181,13,n/a
1,VE,4%,H1VE4,194,13,n/a
1,VE,4%,H1VE4,203,13,n/a
1,VE,8%,H1VE8,94,13,n/a
1,VE,8%,H1VE8,127,13,n/a
1,VE,8%,H1VE8,140,13,n/a
1,VE,8%,H1VE8,144,13,n/a
1,VE,8%,H1VE8,147,13,n/a
1,VE,8%,H1VE8,151,13,n/a
1,VE,8%,H1VE8,155,13,n/a
1,VE,8%,H1VE8,165,13,n/a
1,VE,8%,H1VE8,243,13,n/a
1,VE,8%,H1VE8,248,13,n/a
1,VE,16%,H1VE16,121,13,n/a
1,VE,16%,H1VE16,137,13,n/a
1,VE,16%,H1VE16,141,13,n/a
1,VE,16%,H1VE16,168,13,n/a
1,VE,16%,H1VE16,169,13,n/a
1,VE,16%,H1VE16,172,13,n/a
1,VE,16%,H1VE16,174,13,n/a
1,VE,16%,H1VE16,182,13,n/a
1,VE,16%,H1VE16,183,13,n/a
1,VE,16%,H1VE16,184,13,n/a
1,VE,16%,H1VE16,188,13,n/a
1,VE,4%,H1VE4,299,13,n/a
2,VS,4%,H2VS4,6,13,n/a
2,VS,4%,H2VS4,8,13,n/a
2,VS,4%,H2VS4,10,13,200
2,VS,4%,H2VS4,12,13,263
2,VS,4%,H2VS4,14,13,n/a
2,VS,4%,H2VS4,16,13,n/a
2,VS,4%,H2VS4,24,13,n/a
2,VS,4%,H2VS4,28,13,n/a
2,VS,4%,H2VS4,43,13,n/a
2,VS,4%,H2VS4,67,13,n/a
2,VS,4%,H2VS4,68,13,n/a
2,VS,4%,H2VS4,92,13,n/a
2,VS,8%,H2VS8,1,13,n/a
2,VS,8%,H2VS8,7,13,n/a
2,VS,8%,H2VS8,25,13,n/a
2,VS,8%,H2VS8,30,13,n/a
2,VS,8%,H2VS8,35,13,n/a
2,VS,8%,H2VS8,37,13,n/a
2,VS,8%,H2VS8,40,13,n/a
2,VS,8%,H2VS8,45,13,186
2,VS,8%,H2VS8,65,13,n/a
2,VS,8%,H2VS8,90,13,n/a
2,VS,8%,H2VS8,96,13,n/a
2,VS,16%,H2VS16,4,13,n/a
2,VS,16%,H2VS16,31,13,n/a
2,VS,16%,H2VS16,66,13,n/a
2,VS,16%,H2VS16,86,13,163
2,VS,16%,H2VS16,94,13,n/a
2,VS,16%,H2VS16,95,13,n/a
2,VS,16%,H2VS16,100,13,n/a
2,VS,16%,H2VS16,106,13,n/a
2,VS,16%,H2VS16,108,13,n/a
2,VS,16%,H2VS16,111,13,n/a
2,VE,4%,H2VE4,91,13,n/a
2,VE,4%,H2VE4,93,13,n/a
2,VE,4%,H2VE4,108,13,n/a
2,VE,4%,H2VE4,134,13,135
2,VE,4%,H2VE4,157,13,n/a
2,VE,4%,H2VE4,197,13,n/a
2,VE,4%,H2VE4,198,13,n/a
2,VE,4%,H2VE4,199,13,n/a
2,VE,4%,H2VE4,201,13,n/a
2,VE,4%,H2VE4,208,13,n/a
2,VE,4%,H2VE4,227,13,n/a
2,VE,4%,H2VE4,340,13,n/a
2,VE,8%,H2VE8,120,13,n/a
2,VE,8%,H2VE8,128,13,n/a
2,VE,8%,H2VE8,139,13,n/a
2,VE,8%,H2VE8,143,13,n/a
2,VE,8%,H2VE8,145,13,n/a
2,VE,8%,H2VE8,152,13,n/a
2,VE,8%,H2VE8,158,13,n/a
2,VE,8%,H2VE8,190,13,n/a
2,VE,8%,H2VE8,195,13,102
2,VE,8%,H2VE8,207,13,n/a
2,VE,8%,H2VE8,278,13,n/a
2,VE,16%,H2VE16,107,13,135
2,VE,16%,H2VE16,122,13,n/a
2,VE,16%,H2VE16,142,13,n/a
2,VE,16%,H2VE16,162,13,n/a
2,VE,16%,H2VE16,164,13,n/a
2,VE,16%,H2VE16,167,13,n/a
2,VE,16%,H2VE16,176,13,n/a
2,VE,16%,H2VE16,178,13,n/a
2,VE,16%,H2VE16,180,13,n/a
2,VE,16%,H2VE16,185,13,n/a
2,VE,16%,H2VE16,186,13,n/a
2,VE,16%,H2VE16,238,13,n/a
3,VE,8%,H3VE8,206,1,0
3,VE,8%,H3VE8,206,2,9
3,VE,8%,H3VE8,206,3,24
3,VE,8%,H3VE8,206,4,35
3,VE,8%,H3VE8,206,5,55
3,VE,8%,H3VE8,206,6,63
3,VE,8%,H3VE8,206,7,68
3,VE,8%,H3VE8,206,8,71
3,VE,8%,H3VE8,206,9,85
3,VE,8%,H3VE8,206,10,94
3,VE,8%,H3VE8,206,11,152
3,VE,8%,H3VE8,206,12,185
3,VE,8%,H3VE8,206,13,190
3,VE,8%,H3VE8,206,14,193
3,VE,8%,H3VE8,206,15,225
3,VE,8%,H3VE8,289,1,0
3,VE,8%,H3VE8,289,2,9
3,VE,8%,H3VE8,289,3,12
3,VE,8%,H3VE8,289,4,23
3,VE,8%,H3VE8,289,5,44
3,VE,8%,H3VE8,289,6,56
3,VE,8%,H3VE8,289,7,73
3,VE,8%,H3VE8,289,8,72
3,VE,8%,H3VE8,289,9,69
3,VE,8%,H3VE8,289,10,110
3,VE,8%,H3VE8,289,11,160
3,VE,8%,H3VE8,289,12,171
3,VE,8%,H3VE8,289,13,186
3,VE,8%,H3VE8,289,14,214
3,VE,8%,H3VE8,289,15,220
3,VE,16%,H3VE16,101,1,29
3,VE,16%,H3VE16,101,2,35
1,VS,4%,H1VS4,3,14,n/a
1,VS,4%,H1VS4,9,14,n/a
1,VS,4%,H1VS4,23,14,n/a
1,VS,4%,H1VS4,57,14,n/a
1,VS,4%,H1VS4,69,14,n/a
1,VS,4%,H1VS4,70,14,n/a
1,VS,4%,H1VS4,71,14,n/a
1,VS,4%,H1VS4,102,14,n/a
1,VS,4%,H1VS4,112,14,n/a
1,VS,4%,H1VS4,127,14,n/a
1,VS,8%,H1VS8,26,14,n/a
1,VS,8%,H1VS8,32,14,n/a
1,VS,8%,H1VS8,36,14,n/a
1,VS,8%,H1VS8,39,14,n/a
1,VS,8%,H1VS8,52,14,n/a
1,VS,8%,H1VS8,53,14,n/a
1,VS,8%,H1VS8,56,14,n/a
1,VS,8%,H1VS8,59,14,n/a
1,VS,8%,H1VS8,60,14,n/a
1,VS,8%,H1VS8,64,14,n/a
1,VS,8%,H1VS8,114,14,n/a
1,VS,16%,H1VS16,29,14,n/a
1,VS,16%,H1VS16,33,14,n/a
1,VS,16%,H1VS16,54,14,n/a
1,VS,16%,H1VS16,73,14,n/a
1,VS,16%,H1VS16,74,14,n/a
1,VS,16%,H1VS16,79,14,n/a
1,VS,16%,H1VS16,82,14,n/a
1,VS,16%,H1VS16,84,14,n/a
1,VS,16%,H1VS16,93,14,n/a
1,VS,16%,H1VS16,107,14,n/a
1,VS,16%,H1VS16,109,14,n/a
1,VS,4%,H1VS4,17,14,n/a
1,VE,4%,H1VE4,96,14,n/a
1,VE,4%,H1VE4,102,14,n/a
1,VE,4%,H1VE4,103,14,n/a
1,VE,4%,H1VE4,105,14,n/a
1,VE,4%,H1VE4,110,14,n/a
1,VE,4%,H1VE4,117,14,n/a
1,VE,4%,H1VE4,124,14,n/a
1,VE,4%,H1VE4,181,14,n/a
1,VE,4%,H1VE4,194,14,n/a
1,VE,4%,H1VE4,203,14,n/a
1,VE,8%,H1VE8,94,14,n/a
1,VE,8%,H1VE8,127,14,n/a
1,VE,8%,H1VE8,140,14,n/a
1,VE,8%,H1VE8,144,14,n/a
1,VE,8%,H1VE8,147,14,n/a
1,VE,8%,H1VE8,151,14,n/a
1,VE,8%,H1VE8,155,14,n/a
1,VE,8%,H1VE8,165,14,n/a
1,VE,8%,H1VE8,243,14,n/a
1,VE,8%,H1VE8,248,14,n/a
1,VE,16%,H1VE16,121,14,n/a
1,VE,16%,H1VE16,137,14,n/a
1,VE,16%,H1VE16,141,14,n/a
1,VE,16%,H1VE16,168,14,n/a
1,VE,16%,H1VE16,169,14,n/a
1,VE,16%,H1VE16,172,14,n/a
1,VE,16%,H1VE16,174,14,n/a
1,VE,16%,H1VE16,182,14,n/a
1,VE,16%,H1VE16,183,14,n/a
1,VE,16%,H1VE16,184,14,n/a
1,VE,16%,H1VE16,188,14,n/a
1,VE,4%,H1VE4,299,14,n/a
2,VS,4%,H2VS4,6,14,n/a
2,VS,4%,H2VS4,8,14,n/a
2,VS,4%,H2VS4,10,14,204
2,VS,4%,H2VS4,12,14,174
2,VS,4%,H2VS4,14,14,n/a
2,VS,4%,H2VS4,16,14,n/a
2,VS,4%,H2VS4,24,14,n/a
2,VS,4%,H2VS4,28,14,n/a
2,VS,4%,H2VS4,43,14,n/a
2,VS,4%,H2VS4,67,14,n/a
2,VS,4%,H2VS4,68,14,n/a
2,VS,4%,H2VS4,92,14,n/a
2,VS,8%,H2VS8,1,14,n/a
2,VS,8%,H2VS8,7,14,n/a
2,VS,8%,H2VS8,25,14,n/a
2,VS,8%,H2VS8,30,14,n/a
2,VS,8%,H2VS8,35,14,n/a
2,VS,8%,H2VS8,37,14,n/a
2,VS,8%,H2VS8,40,14,n/a
2,VS,8%,H2VS8,45,14,184
2,VS,8%,H2VS8,65,14,n/a
2,VS,8%,H2VS8,90,14,n/a
2,VS,8%,H2VS8,96,14,n/a
2,VS,16%,H2VS16,4,14,n/a
2,VS,16%,H2VS16,31,14,n/a
2,VS,16%,H2VS16,66,14,n/a
2,VS,16%,H2VS16,86,14,185
2,VS,16%,H2VS16,94,14,n/a
2,VS,16%,H2VS16,95,14,n/a
2,VS,16%,H2VS16,100,14,n/a
2,VS,16%,H2VS16,106,14,n/a
2,VS,16%,H2VS16,108,14,n/a
2,VS,16%,H2VS16,111,14,n/a
2,VE,4%,H2VE4,91,14,n/a
2,VE,4%,H2VE4,93,14,n/a
2,VE,4%,H2VE4,108,14,n/a
2,VE,4%,H2VE4,134,14,112
2,VE,4%,H2VE4,157,14,n/a
2,VE,4%,H2VE4,197,14,n/a
2,VE,4%,H2VE4,198,14,n/a
2,VE,4%,H2VE4,199,14,n/a
2,VE,4%,H2VE4,201,14,n/a
2,VE,4%,H2VE4,208,14,n/a
2,VE,4%,H2VE4,227,14,n/a
2,VE,4%,H2VE4,340,14,n/a
2,VE,8%,H2VE8,120,14,n/a
2,VE,8%,H2VE8,128,14,n/a
2,VE,8%,H2VE8,139,14,n/a
2,VE,8%,H2VE8,143,14,n/a
2,VE,8%,H2VE8,145,14,n/a
2,VE,8%,H2VE8,152,14,n/a
2,VE,8%,H2VE8,158,14,n/a
2,VE,8%,H2VE8,190,14,n/a
2,VE,8%,H2VE8,195,14,118
2,VE,8%,H2VE8,207,14,n/a
2,VE,8%,H2VE8,278,14,n/a
2,VE,16%,H2VE16,107,14,160
2,VE,16%,H2VE16,122,14,n/a
2,VE,16%,H2VE16,142,14,n/a
2,VE,16%,H2VE16,162,14,n/a
2,VE,16%,H2VE16,164,14,n/a
2,VE,16%,H2VE16,167,14,n/a
2,VE,16%,H2VE16,176,14,n/a
2,VE,16%,H2VE16,178,14,n/a
2,VE,16%,H2VE16,180,14,n/a
2,VE,16%,H2VE16,185,14,n/a
2,VE,16%,H2VE16,186,14,n/a
2,VE,16%,H2VE16,238,14,n/a
3,VE,16%,H3VE16,101,3,36
3,VE,16%,H3VE16,101,4,40
3,VE,16%,H3VE16,101,5,50
3,VE,16%,H3VE16,101,6,57
3,VE,16%,H3VE16,101,7,51
3,VE,16%,H3VE16,101,8,57
3,VE,16%,H3VE16,101,9,64
3,VE,16%,H3VE16,101,10,84
3,VE,16%,H3VE16,101,11,101
3,VE,16%,H3VE16,101,12,113
3,VE,16%,H3VE16,101,13,105
3,VE,16%,H3VE16,101,14,125
3,VE,16%,H3VE16,101,15,146
3,VE,16%,H3VE16,116,1,27
3,VE,16%,H3VE16,116,2,21
3,VE,16%,H3VE16,116,3,39
3,VE,16%,H3VE16,116,4,43
3,VE,16%,H3VE16,116,5,49
3,VE,16%,H3VE16,116,6,54
3,VE,16%,H3VE16,116,7,60
3,VE,16%,H3VE16,116,8,58
3,VE,16%,H3VE16,116,9,66
3,VE,16%,H3VE16,116,10,64
3,VE,16%,H3VE16,116,11,111
3,VE,16%,H3VE16,116,12,120
3,VE,16%,H3VE16,116,13,125
3,VE,16%,H3VE16,116,14,146
3,VE,16%,H3VE16,116,15,174
3,VE,16%,H3VE16,129,1,17
3,VE,16%,H3VE16,129,2,36
3,VE,16%,H3VE16,129,3,36
3,VE,16%,H3VE16,129,4,50
3,VE,16%,H3VE16,129,5,52
3,VE,16%,H3VE16,129,6,60
3,VE,16%,H3VE16,129,7,46
3,VE,16%,H3VE16,129,8,69
3,VE,16%,H3VE16,129,9,78
3,VE,16%,H3VE16,129,10,87
3,VE,16%,H3VE16,129,11,122
3,VE,16%,H3VE16,129,12,134
3,VE,16%,H3VE16,129,13,135
3,VE,16%,H3VE16,129,14,155
3,VE,16%,H3VE16,129,15,188
3,VE,16%,H3VE16,163,1,0
3,VE,16%,H3VE16,163,2,24
3,VE,16%,H3VE16,163,3,25
3,VE,16%,H3VE16,163,4,43
3,VE,16%,H3VE16,163,5,55
3,VE,16%,H3VE16,163,6,60
3,VE,16%,H3VE16,163,7,46
3,VE,16%,H3VE16,163,8,65
3,VE,16%,H3VE16,163,9,65
3,VE,16%,H3VE16,163,10,91
3,VE,16%,H3VE16,163,11,146
3,VE,16%,H3VE16,163,12,162
3,VE,16%,H3VE16,163,13,179
3,VE,16%,H3VE16,163,14,191
3,VE,16%,H3VE16,163,15,225
3,VE,16%,H3VE16,166,1,0
3,VE,16%,H3VE16,166,2,9
3,VE,16%,H3VE16,166,3,28
3,VE,16%,H3VE16,166,4,29
3,VE,16%,H3VE16,166,5,45
3,VE,16%,H3VE16,166,6,50
3,VE,16%,H3VE16,166,7,58
3,VE,16%,H3VE16,166,8,59
3,VE,16%,H3VE16,166,9,67
3,VE,16%,H3VE16,166,10,68
3,VE,16%,H3VE16,166,11,105
3,VE,16%,H3VE16,166,12,108
3,VE,16%,H3VE16,166,13,126
3,VE,16%,H3VE16,166,14,140
3,VE,16%,H3VE16,166,15,162
3,VE,16%,H3VE16,173,1,0
1,VS,4%,H1VS4,3,15,n/a
1,VS,4%,H1VS4,9,15,n/a
1,VS,4%,H1VS4,23,15,n/a
1,VS,4%,H1VS4,57,15,n/a
1,VS,4%,H1VS4,69,15,n/a
1,VS,4%,H1VS4,70,15,n/a
1,VS,4%,H1VS4,71,15,n/a
1,VS,4%,H1VS4,102,15,n/a
1,VS,4%,H1VS4,112,15,n/a
1,VS,4%,H1VS4,127,15,n/a
1,VS,8%,H1VS8,26,15,n/a
1,VS,8%,H1VS8,32,15,n/a
1,VS,8%,H1VS8,36,15,n/a
1,VS,8%,H1VS8,39,15,n/a
1,VS,8%,H1VS8,52,15,n/a
1,VS,8%,H1VS8,53,15,n/a
1,VS,8%,H1VS8,56,15,n/a
1,VS,8%,H1VS8,59,15,n/a
1,VS,8%,H1VS8,60,15,n/a
1,VS,8%,H1VS8,64,15,n/a
1,VS,8%,H1VS8,114,15,n/a
1,VS,16%,H1VS16,29,15,n/a
1,VS,16%,H1VS16,33,15,n/a
1,VS,16%,H1VS16,54,15,n/a
1,VS,16%,H1VS16,73,15,n/a
1,VS,16%,H1VS16,74,15,n/a
1,VS,16%,H1VS16,79,15,n/a
1,VS,16%,H1VS16,82,15,n/a
1,VS,16%,H1VS16,84,15,n/a
1,VS,16%,H1VS16,93,15,n/a
1,VS,16%,H1VS16,107,15,n/a
1,VS,16%,H1VS16,109,15,n/a
1,VS,4%,H1VS4,17,15,n/a
1,VE,4%,H1VE4,96,15,n/a
1,VE,4%,H1VE4,102,15,n/a
1,VE,4%,H1VE4,103,15,n/a
1,VE,4%,H1VE4,105,15,n/a
1,VE,4%,H1VE4,110,15,n/a
1,VE,4%,H1VE4,117,15,n/a
1,VE,4%,H1VE4,124,15,n/a
1,VE,4%,H1VE4,181,15,n/a
1,VE,4%,H1VE4,194,15,n/a
1,VE,4%,H1VE4,203,15,n/a
1,VE,8%,H1VE8,94,15,n/a
1,VE,8%,H1VE8,127,15,n/a
1,VE,8%,H1VE8,140,15,n/a
1,VE,8%,H1VE8,144,15,n/a
1,VE,8%,H1VE8,147,15,n/a
1,VE,8%,H1VE8,151,15,n/a
1,VE,8%,H1VE8,155,15,n/a
1,VE,8%,H1VE8,165,15,n/a
1,VE,8%,H1VE8,243,15,n/a
1,VE,8%,H1VE8,248,15,n/a
1,VE,16%,H1VE16,121,15,n/a
1,VE,16%,H1VE16,137,15,n/a
1,VE,16%,H1VE16,141,15,n/a
1,VE,16%,H1VE16,168,15,n/a
1,VE,16%,H1VE16,169,15,n/a
1,VE,16%,H1VE16,172,15,n/a
1,VE,16%,H1VE16,174,15,n/a
1,VE,16%,H1VE16,182,15,n/a
1,VE,16%,H1VE16,183,15,n/a
1,VE,16%,H1VE16,184,15,n/a
1,VE,16%,H1VE16,188,15,n/a
1,VE,4%,H1VE4,299,15,n/a
2,VS,4%,H2VS4,6,15,n/a
2,VS,4%,H2VS4,8,15,n/a
2,VS,4%,H2VS4,10,15,n/a
2,VS,4%,H2VS4,12,15,n/a
2,VS,4%,H2VS4,14,15,n/a
2,VS,4%,H2VS4,16,15,n/a
2,VS,4%,H2VS4,24,15,n/a
2,VS,4%,H2VS4,28,15,n/a
2,VS,4%,H2VS4,43,15,n/a
2,VS,4%,H2VS4,67,15,n/a
2,VS,4%,H2VS4,68,15,n/a
2,VS,4%,H2VS4,92,15,n/a
2,VS,8%,H2VS8,1,15,n/a
2,VS,8%,H2VS8,7,15,n/a
2,VS,8%,H2VS8,25,15,n/a
2,VS,8%,H2VS8,30,15,n/a
2,VS,8%,H2VS8,35,15,n/a
2,VS,8%,H2VS8,37,15,n/a
2,VS,8%,H2VS8,40,15,n/a
2,VS,8%,H2VS8,45,15,n/a
2,VS,8%,H2VS8,65,15,n/a
2,VS,8%,H2VS8,90,15,n/a
2,VS,8%,H2VS8,96,15,n/a
2,VS,16%,H2VS16,4,15,n/a
2,VS,16%,H2VS16,31,15,n/a
2,VS,16%,H2VS16,66,15,n/a
2,VS,16%,H2VS16,86,15,n/a
2,VS,16%,H2VS16,94,15,n/a
2,VS,16%,H2VS16,95,15,n/a
2,VS,16%,H2VS16,100,15,n/a
2,VS,16%,H2VS16,106,15,n/a
2,VS,16%,H2VS16,108,15,n/a
2,VS,16%,H2VS16,111,15,n/a
2,VE,4%,H2VE4,91,15,n/a
2,VE,4%,H2VE4,93,15,n/a
2,VE,4%,H2VE4,108,15,n/a
2,VE,4%,H2VE4,134,15,n/a
2,VE,4%,H2VE4,157,15,n/a
2,VE,4%,H2VE4,197,15,n/a
2,VE,4%,H2VE4,198,15,n/a
2,VE,4%,H2VE4,199,15,n/a
2,VE,4%,H2VE4,201,15,n/a
2,VE,4%,H2VE4,208,15,n/a
2,VE,4%,H2VE4,227,15,n/a
2,VE,4%,H2VE4,340,15,n/a
2,VE,8%,H2VE8,120,15,n/a
2,VE,8%,H2VE8,128,15,n/a
2,VE,8%,H2VE8,139,15,n/a
2,VE,8%,H2VE8,143,15,n/a
2,VE,8%,H2VE8,145,15,n/a
2,VE,8%,H2VE8,152,15,n/a
2,VE,8%,H2VE8,158,15,n/a
2,VE,8%,H2VE8,190,15,n/a
2,VE,8%,H2VE8,195,15,n/a
2,VE,8%,H2VE8,207,15,n/a
2,VE,8%,H2VE8,278,15,n/a
2,VE,16%,H2VE16,107,15,n/a
2,VE,16%,H2VE16,122,15,n/a
2,VE,16%,H2VE16,142,15,n/a
2,VE,16%,H2VE16,162,15,n/a
2,VE,16%,H2VE16,164,15,n/a
2,VE,16%,H2VE16,167,15,n/a
2,VE,16%,H2VE16,176,15,n/a
2,VE,16%,H2VE16,178,15,n/a
2,VE,16%,H2VE16,180,15,n/a
2,VE,16%,H2VE16,185,15,n/a
2,VE,16%,H2VE16,186,15,n/a
2,VE,16%,H2VE16,238,15,n/a
3,VE,16%,H3VE16,173,2,9
3,VE,16%,H3VE16,173,3,25
3,VE,16%,H3VE16,173,4,31
3,VE,16%,H3VE16,173,5,49
3,VE,16%,H3VE16,173,6,40
3,VE,16%,H3VE16,173,7,50
3,VE,16%,H3VE16,173,8,51
3,VE,16%,H3VE16,173,9,60
3,VE,16%,H3VE16,173,10,45
3,VE,16%,H3VE16,173,11,50
3,VE,16%,H3VE16,173,12,50
3,VE,16%,H3VE16,173,13,67
3,VE,16%,H3VE16,173,14,89
3,VE,16%,H3VE16,173,15,115
3,VE,16%,H3VE16,175,1,0
3,VE,16%,H3VE16,175,2,9
3,VE,16%,H3VE16,175,3,28
3,VE,16%,H3VE16,175,4,31
3,VE,16%,H3VE16,175,5,46
3,VE,16%,H3VE16,175,6,42
3,VE,16%,H3VE16,175,7,40
3,VE,16%,H3VE16,175,8,47
3,VE,16%,H3VE16,175,9,156
3,VE,16%,H3VE16,175,10,76
3,VE,16%,H3VE16,175,11,114
3,VE,16%,H3VE16,175,12,134
3,VE,16%,H3VE16,175,13,147
3,VE,16%,H3VE16,175,14,160
3,VE,16%,H3VE16,175,15,188
3,VE,16%,H3VE16,191,1,0
3,VE,16%,H3VE16,191,2,9
3,VE,16%,H3VE16,191,3,23
3,VE,16%,H3VE16,191,4,30
3,VE,16%,H3VE16,191,5,58
3,VE,16%,H3VE16,191,6,62
3,VE,16%,H3VE16,191,7,69
3,VE,16%,H3VE16,191,8,76
3,VE,16%,H3VE16,191,9,84
3,VE,16%,H3VE16,191,10,112
3,VE,16%,H3VE16,191,11,177
3,VE,16%,H3VE16,191,12,193
3,VE,16%,H3VE16,191,13,208
3,VE,16%,H3VE16,191,14,234
3,VE,16%,H3VE16,191,15,251
3,VE,16%,H3VE16,192,1,0
3,VE,16%,H3VE16,192,2,9
3,VE,16%,H3VE16,192,3,23
3,VE,16%,H3VE16,192,4,40
3,VE,16%,H3VE16,192,5,48
3,VE,16%,H3VE16,192,6,50
3,VE,16%,H3VE16,192,7,58
3,VE,16%,H3VE16,192,8,52
3,VE,16%,H3VE16,192,9,60
3,VE,16%,H3VE16,192,10,73
3,VE,16%,H3VE16,192,11,120
3,VE,16%,H3VE16,192,12,128
3,VE,16%,H3VE16,192,13,142
3,VE,16%,H3VE16,192,14,155
3,VE,16%,H3VE16,192,15,178
3,VE,16%,H3VE16,193,1,0
3,VE,16%,H3VE16,193,2,9
3,VE,16%,H3VE16,193,3,24
3,VE,16%,H3VE16,193,4,28
3,VE,16%,H3VE16,193,5,52
3,VE,16%,H3VE16,193,6,56
3,VE,16%,H3VE16,193,7,63
3,VE,16%,H3VE16,193,8,74
3,VE,16%,H3VE16,193,9,70
3,VE,16%,H3VE16,193,10,109
3,VE,16%,H3VE16,193,11,149
3,VE,16%,H3VE16,193,12,171
3,VE,16%,H3VE16,193,13,284
3,VE,16%,H3VE16,193,14,224
3,VE,16%,H3VE16,193,15,257
